Time_s, Short-Term-Fuel-Trim-Bank-1_%, Calculated-Engine-Load-Value_%, Vehicle-Speed_km/h, Intake-Air-Temperature_C, Engine-Coolant-Temperature_C, Long-Term-Fuel-Trim-Bank-1_%, Intake-Manifold-Absolute-Pressure_kPa, Engine-RPM_rpm, Absolute-Throttle-Position_%, Timing-Advance-for-#1-cylinder_Â°
0.0, *, *, *, *, *, *, *, *, *, *
1.2, *, 67.5, 62, 28, 87, -5.2, 83.3, *, *, *
2.4, -1.6, 68.7, 63, 28, 87, -3.8, 88.6, 2528, 29.1, 15.3
3.6, -1.6, 86.2, 65, 28, 87, -2.8, 92.5, 2611, 34.9, 15.0
4.8, -2.2, 89.8, 67, 28, 87, -2.3, 94.0, 2636, 34.8, 15.0
6.0, -2.8, 89.5, 69, 28, 87, -2.7, 92.3, 2658, 34.6, 15.1
7.2, 1.7, 89.8, 69, 28, 87, -2.3, 93.9, 2671, 30.0, 15.5
8.4, 1.9, 89.6, 69, 28, 87, -2.6, 91.8, 2656, 33.6, 15.5
9.6, -2.2, 92.7, 71, 28, 87, -2.3, 93.6, 2703, 38.7, 15.5
10.8, -2.5, 95.8, 75, 28, 87, -2.5, 96.8, 2918, 43.7, 16.0
12.0, -3.8, 98.5, 76, 28, 87, -2.5, 97.4, 2968, 49.7, 17.0
13.2, -3.9, 99.1, 78, 28, 87, -3.2, 94.5, 2939, 46.3, 17.5
14.4, -3.8, 95.4, 81, 28, 87, -3.1, 93.2, 3041, 42.5, 18.0
15.6, -4.8, 93.4, 83, 28, 87, -3.1, 89.9, 3241, 34.5, 18.8
16.8, -6.3, 86.1, 84, 28, 87, -4.8, 85.7, 3266, 32.0, 18.9
18.0, -5.3, 81.1, 86, 28, 87, -4.7, 79.1, 3256, 21.8, 18.3
19.2, -3.8, 71.7, 87, 28, 87, -5.5, 80.5, 3093, 22.0, 18.5
20.4, -1.7, 75.4, 88, 28, 87, -6.3, 83.0, 2646, 25.5, 16.0
21.6, 1.7, 83.0, 89, 28, 87, -6.3, 85.4, 2689, 26.6, 16.0
22.8, 3.7, 83.8, 90, 28, 87, -6.1, 87.4, 2729, 28.6, 16.0
24.0, 2.8, 84.3, 91, 28, 87, -5.5, 88.8, 2742, 29.6, 16.0
25.2, -0.8, 83.9, 91, 28, 87, -5.2, 89.0, 2756, 29.8, 16.0
26.4, 0.5, 84.4, 92, 28, 87, -4.7, 88.9, 2767, 29.6, 16.0
27.6, 3.1, 84.5, 93, 28, 87, -4.3, 87.5, 2764, 29.3, 16.1
28.8, -1.3, 82.4, 94, 28, 87, -4.0, 85.0, 2734, 25.1, 17.0
30.0, -6.3, 78.7, 93, 28, 87, -5.5, 80.8, 2704, 24.1, 17.7
31.2, -5.4, 78.8, 95, 28, 87, -5.6, 77.5, 2658, 20.9, 21.4
32.4, -5.2, 78.7, 97, 28, 87, -6.3, 82.0, 2691, 22.2, 20.2
33.6, 0.7, 79.0, 98, 28, 87, -6.3, 82.6, 2705, 24.7, 16.5
34.8, 0.9, 79.2, 99, 28, 87, -6.3, 86.0, 2428, 24.5, 16.2
36.0, 1.5, 78.9, 101, 28, 87, -5.8, 85.7, 2425, 24.3, 15.5
37.2, 0.8, 79.0, 102, 28, 87, -4.7, 85.0, 2416, 24.7, 15.5
38.4, -1.6, 77.4, 103, 28, 87, -4.4, 85.0, 2416, 24.7, 15.5
39.6, -0.1, 77.6, 104, 28, 87, -3.9, 85.0, 2420, 24.7, 16.0
40.8, 3.1, 77.5, 105, 28, 87, -3.9, 81.9, 2430, 24.1, 16.3
42.0, -0.4, 73.7, 106, 28, 87, -3.9, 77.0, 2455, 20.5, 20.4
43.2, -4.4, 68.2, 107, 28, 87, -4.7, 77.0, 2467, 19.6, 20.5
44.4, -8.5, 62.1, 107, 28, 87, -5.3, 75.9, 2483, 18.0, 20.5
45.6, -8.1, 62.0, 108, 28, 87, -7.0, 69.1, 2497, 18.0, 21.6
46.8, -6.3, 62.1, 107, 28, 87, -7.7, 68.6, 2499, 18.0, 23.0
48.0, -2.1, 61.5, 108, 28, 87, -8.7, 68.2, 2500, 18.0, 23.4
49.2, 2.1, 61.4, 108, 28, 87, -9.3, 77.1, 2500, 19.6, 21.8
50.4, 5.4, 74.3, 109, 28, 87, -8.9, 77.4, 2500, 22.4, 17.5
51.6, 5.7, 74.5, 110, 28, 87, -7.0, 81.0, 2527, 22.4, 17.5
52.8, 6.9, 74.5, 111, 28, 87, -6.7, 81.0, 2553, 22.4, 17.5
54.0, 5.1, 74.1, 111, 28, 87, -6.3, 81.0, 2580, 22.8, 17.5
55.2, 0.8, 72.9, 110, 28, 87, -5.6, 79.8, 2594, 22.9, 17.7
56.4, -0.2, 71.7, 112, 28, 87, -4.7, 78.0, 2621, 21.6, 19.9
57.6, -1.6, 69.4, 115, 28, 87, -4.7, 77.0, 2636, 21.5, 20.4
58.8, -2.5, 68.1, 115, 28, 87, -4.7, 75.6, 2656, 21.2, 22.0
60.0, -3.6, 65.4, 115, 28, 87, -4.7, 73.1, 2679, 20.3, 22.5
61.2, -5.5, 58.0, 117, 28, 87, -5.5, 73.0, 2683, 18.5, 23.5
62.4, -3.8, 51.7, 117, 28, 87, -6.4, 73.0, 2686, 13.4, 28.8
63.6, -1.6, 41.3, 116, 28, 87, -7.0, 61.4, 2687, 13.6, 28.9
64.8, -3.4, 43.1, 116, 28, 87, -7.0, 51.2, 2687, 14.6, 27.9
66.0, -5.5, 46.0, 115, 28, 87, -7.0, 54.6, 2649, 14.6, 27.9
67.2, -2.8, 46.4, 115, 28, 87, -7.0, 54.1, 2653, 15.0, 27.3
68.4, 0.0, 47.2, 115, 28, 87, -7.8, 54.0, 2652, 14.9, 27.5
69.6, 2.3, 47.1, 115, 28, 87, -8.1, 54.0, 2648, 14.9, 27.5
70.8, 0.1, 47.1, 115, 28, 87, -8.6, 54.0, 2638, 15.0, 27.5
72.0, -3.6, 47.1, 114, 28, 87, -8.6, 54.0, 2635, 14.9, 27.5
73.2, -0.8, 47.4, 114, 28, 87, -8.4, 54.0, 2630, 14.9, 27.4
74.4, -0.9, 47.1, 114, 28, 87, -7.8, 54.2, 2625, 14.9, 27.5
75.6, -1.6, 46.9, 114, 28, 87, -7.8, 54.0, 2626, 14.9, 27.5
76.8, -1.8, 41.2, 114, 28, 86, -7.8, 54.1, 2620, 14.2, 27.8
78.0, -2.3, 22.7, 112, 28, 86, -2.5, 39.5, 2589, 11.8, 28.4
79.2, -9.8, 19.0, 111, 28, 86, 1.8, 21.8, 2535, 0.1, 34.9
80.4, -16.7, 14.1, 109, 28, 86, -2.3, 19.6, 2534, 2.7, 35.3
81.6, 2.3, 34.9, 107, 28, 86, -3.0, 26.3, 2542, 7.5, 35.9
82.8, 1.1, 37.8, 105, 28, 86, -4.7, 56.1, 2635, 12.6, 31.3
84.0, -3.1, 57.6, 105, 28, 86, -6.8, 60.8, 2588, 17.0, 25.8
85.2, -3.1, 58.7, 105, 28, 86, -8.9, 65.3, 2496, 17.3, 24.4
86.4, -3.0, 59.5, 105, 28, 86, -10.2, 61.2, 2495, 16.4, 25.1
87.6, -2.3, 50.4, 105, 28, 86, -10.4, 60.1, 2493, 14.9, 26.4
88.8, -0.9, 50.1, 105, 28, 85, -10.9, 57.1, 2469, 14.9, 26.5
90.0, 5.5, 49.1, 105, 28, 85, -10.6, 57.0, 2454, 14.9, 26.5
91.2, 5.5, 49.9, 105, 28, 85, -10.2, 57.1, 2412, 15.0, 26.4
92.4, 5.5, 52.6, 105, 28, 85, -9.9, 58.1, 2413, 15.0, 26.4
93.6, 2.0, 52.6, 105, 28, 86, -9.4, 60.1, 2417, 15.8, 25.4
94.8, -2.3, 52.9, 105, 28, 86, -9.0, 60.0, 2419, 15.7, 25.5
96.0, -2.3, 52.9, 105, 28, 86, -8.5, 60.0, 2422, 15.8, 25.4
97.2, -2.3, 53.0, 106, 28, 86, -7.8, 56.3, 2427, 15.2, 25.9
98.4, 1.8, 50.1, 106, 28, 86, -7.7, 56.0, 2433, 13.8, 27.9
99.6, 7.0, 45.5, 106, 28, 87, -7.0, 56.3, 2440, 13.6, 28.0
100.8, 5.4, 43.9, 106, 28, 87, -7.0, 56.0, 2448, 13.4, 27.9
102.0, 4.0, 42.0, 106, 28, 87, -7.0, 52.4, 2451, 13.3, 28.2
103.2, 5.4, 41.4, 106, 28, 87, -6.7, 48.8, 2455, 13.4, 28.9
104.4, 5.5, 40.8, 107, 28, 87, -4.7, 45.3, 2457, 12.9, 29.6
105.6, 3.1, 38.8, 107, 28, 87, -4.7, 42.8, 2454, 12.2, 31.4
106.8, 1.0, 36.0, 106, 28, 87, -4.7, 28.5, 2401, 7.3, 32.6
108.0, -14.7, 13.9, 105, 28, 87, -4.3, 27.1, 2401, 0.1, 34.9
109.2, -14.1, 13.3, 104, 29, 87, -2.3, 18.6, 2138, 0.0, 26.1
110.4, -0.0, 13.5, 102, 29, 87, -2.3, 18.0, 2135, 0.1, 0.1
111.6, 0.0, 13.7, 100, 29, 87, -2.3, 18.3, 2058, 0.0, 0.0
112.8, -0.0, 13.2, 99, 29, 87, -2.3, 18.0, 1994, 0.0, 0.0
114.0, 0.0, 13.1, 97, 29, 87, -2.3, 18.1, 1941, 0.1, 0.0
115.2, -0.0, 13.8, 95, 29, 87, -2.3, 18.5, 1901, 0.5, 0.3
116.4, 3.6, 17.9, 95, 29, 87, -2.5, 19.5, 1847, 2.1, 1.6
117.6, 7.8, 24.8, 95, 29, 86, -6.3, 48.3, 2079, 5.5, 7.1
118.8, 7.8, 24.7, 92, 29, 86, -6.5, 47.7, 2332, 13.7, 27.9
120.0, 7.8, 24.8, 92, 29, 86, -7.8, 44.5, 2261, 11.7, 29.7
121.2, -0.3, 24.5, 93, 29, 86, -7.8, 44.1, 2169, 7.2, 34.9
122.4, -7.0, 24.3, 94, 29, 85, -9.4, 35.9, 2182, 8.1, 35.0
123.6, 7.7, 31.1, 94, 29, 85, -9.0, 32.6, 2207, 10.2, 34.9
124.8, 4.2, 39.3, 94, 29, 85, -7.8, 50.2, 2288, 12.5, 31.6
126.0, -10.9, 57.0, 95, 29, 85, -8.4, 53.9, 2287, 15.3, 26.0
127.2, -11.1, 56.9, 95, 29, 85, -9.4, 64.0, 2285, 14.2, 26.0
128.4, -11.7, 56.9, 96, 29, 85, -10.2, 51.2, 2279, 12.8, 27.4
129.6, -2.0, 45.1, 96, 29, 85, -10.2, 34.1, 2268, 7.2, 37.3
130.8, 10.9, 23.6, 96, 29, 85, -9.8, 35.4, 2280, 7.7, 37.2
132.0, 7.5, 27.3, 96, 29, 85, -9.3, 37.0, 2297, 9.9, 34.9
133.2, 3.9, 32.2, 96, 29, 85, -8.6, 38.1, 2287, 10.6, 33.9
134.4, 3.1, 43.7, 96, 29, 85, -8.3, 39.0, 2276, 12.5, 29.9
135.6, 2.8, 43.5, 96, 29, 86, -7.0, 39.3, 2281, 10.5, 31.7
136.8, -3.9, 36.4, 96, 29, 86, -6.4, 38.3, 2280, 4.9, 38.3
138.0, -3.9, 24.9, 96, 29, 86, -3.9, 33.5, 2278, 4.7, 38.5
139.2, -3.6, 24.7, 96, 29, 86, -3.9, 33.1, 2277, 8.7, 37.7
140.4, -3.1, 24.8, 96, 29, 86, -3.9, 30.3, 2262, 7.9, 37.1
141.6, -2.8, 21.9, 96, 29, 86, -3.9, 26.1, 2230, 4.0, 38.3
142.8, -2.3, 16.6, 96, 29, 86, -4.7, 23.4, 2194, 3.9, 38.4
144.0, -3.2, 17.0, 96, 29, 86, -4.7, 21.1, 2144, 3.9, 37.9
145.2, -3.2, 17.6, 95, 29, 86, -4.7, 22.4, 2151, 4.2, 38.0
146.4, 3.9, 17.8, 94, 29, 86, -4.6, 22.1, 2149, 4.8, 37.9
147.6, 3.4, 18.1, 93, 29, 86, -3.9, 23.5, 2136, 5.7, 37.9
148.8, -1.6, 20.4, 93, 29, 86, -3.7, 23.0, 2123, 7.5, 37.4
150.0, -1.4, 20.0, 93, 29, 86, -3.1, 24.3, 2131, 6.8, 37.5
151.2, 1.6, 22.2, 92, 29, 86, -3.1, 25.5, 2145, 6.0, 37.5
152.4, 0.3, 23.9, 92, 29, 86, -3.1, 29.0, 2170, 7.6, 37.5
153.6, -2.2, 24.8, 92, 29, 86, -3.1, 29.4, 2170, 7.8, 37.3
154.8, -7.0, 27.9, 92, 29, 86, -3.1, 29.0, 2171, 8.7, 36.4
156.0, -7.0, 27.6, 91, 29, 85, -3.1, 32.4, 2159, 9.7, 35.2
157.2, -6.3, 27.5, 91, 29, 85, -3.7, 32.1, 2142, 12.9, 29.4
158.4, -6.3, 27.6, 90, 29, 85, -9.4, 36.4, 2110, 11.3, 31.0
159.6, -1.6, 26.6, 89, 29, 85, -9.4, 36.0, 2066, 7.2, 36.9
160.8, 4.7, 24.8, 87, 29, 85, -8.6, 33.5, 2061, 7.1, 36.9
162.0, 7.5, 25.9, 87, 29, 85, -8.6, 30.1, 2054, 7.2, 36.4
163.2, 11.7, 28.7, 86, 29, 85, -7.8, 31.7, 2044, 7.3, 36.4
164.4, 10.2, 31.8, 85, 29, 85, -7.0, 34.0, 2027, 8.7, 34.9
165.6, 7.9, 36.9, 84, 29, 85, -6.3, 43.7, 2092, 10.7, 32.8
166.8, -9.4, 49.4, 84, 29, 85, -6.7, 53.3, 2149, 15.3, 26.0
168.0, -8.4, 58.9, 85, 29, 85, -7.8, 65.1, 2053, 15.3, 25.8
169.2, -4.7, 57.3, 87, 29, 86, -8.5, 63.3, 2051, 15.1, 25.5
170.4, -4.7, 53.4, 87, 29, 86, -9.4, 60.0, 2048, 13.3, 26.0
171.6, -4.7, 43.9, 89, 29, 86, -9.4, 51.3, 2067, 12.4, 27.5
172.8, 1.9, 35.6, 89, 29, 86, -8.5, 41.2, 2093, 10.2, 33.9
174.0, 5.2, 26.0, 90, 29, 86, -3.9, 22.3, 2069, 7.5, 35.1
175.2, -0.8, 16.3, 91, 29, 86, -3.9, 24.0, 2061, 3.1, 37.5
176.4, -0.3, 18.7, 91, 29, 87, -3.9, 32.1, 2175, 6.4, 36.7
177.6, 0.8, 29.1, 92, 29, 87, -3.5, 33.2, 2188, 9.0, 36.0
178.8, -0.2, 28.5, 93, 29, 87, -3.1, 35.0, 2216, 9.0, 35.9
180.0, -1.6, 27.5, 94, 29, 87, -3.1, 32.0, 2213, 8.3, 36.5
181.2, 3.1, 24.9, 94, 29, 87, -3.1, 29.0, 2208, 6.7, 38.0
182.4, 3.0, 21.6, 95, 29, 87, -3.1, 28.3, 2220, 7.0, 38.0
183.6, 2.3, 22.8, 95, 29, 87, -3.1, 27.5, 2232, 7.5, 38.0
184.8, 0.3, 22.0, 95, 29, 87, -3.1, 23.1, 2166, 5.8, 38.0
186.0, -4.7, 16.7, 95, 29, 87, -3.5, 24.5, 2180, 5.0, 37.8
187.2, -0.0, 29.9, 95, 29, 87, -3.9, 27.0, 2218, 10.7, 34.9
188.4, 7.8, 62.4, 95, 29, 86, -5.5, 51.4, 2277, 12.8, 32.2
189.6, -0.6, 65.9, 96, 29, 86, -5.8, 76.0, 2364, 20.0, 19.0
190.8, -10.1, 70.6, 97, 29, 86, -7.8, 77.0, 2337, 20.0, 19.0
192.0, -0.0, 70.0, 98, 29, 86, -8.0, 75.7, 2315, 20.0, 19.0
193.2, -0.8, 68.7, 100, 29, 86, -8.6, 71.0, 2322, 18.4, 21.0
194.4, -4.7, 60.8, 101, 29, 86, -9.1, 71.0, 2324, 16.5, 24.0
195.6, -4.4, 60.6, 101, 29, 85, -10.2, 71.0, 2340, 16.5, 24.2
196.8, -3.1, 58.8, 102, 29, 85, -10.2, 66.0, 2344, 16.5, 24.5
198.0, -3.1, 58.7, 102, 29, 86, -10.2, 66.1, 2362, 17.0, 24.7
199.2, -3.1, 57.4, 103, 29, 86, -10.2, 65.5, 2365, 16.9, 25.3
200.4, -3.1, 57.3, 103, 29, 86, -10.2, 63.2, 2384, 16.2, 25.4
201.6, -0.3, 57.0, 103, 29, 86, -10.2, 63.0, 2384, 16.1, 25.5
202.8, 6.3, 55.7, 104, 29, 87, -9.8, 60.2, 2388, 15.6, 25.5
204.0, 5.1, 50.6, 104, 29, 87, -9.3, 56.0, 2396, 13.3, 25.5
205.2, 3.1, 37.6, 103, 29, 87, -4.7, 46.7, 2390, 12.3, 27.1
206.4, 2.6, 34.1, 103, 29, 87, -4.7, 37.0, 2382, 9.8, 35.0
207.6, 2.6, 30.5, 103, 29, 87, -4.7, 36.1, 2371, 9.8, 35.2
208.8, 3.9, 29.9, 102, 29, 87, -4.4, 36.0, 2358, 9.8, 35.5
210.0, 3.4, 29.9, 102, 29, 87, -3.9, 36.1, 2339, 9.9, 35.7
211.2, 2.3, 30.3, 101, 29, 87, -3.9, 36.4, 2332, 9.8, 36.0
212.4, 2.6, 29.9, 101, 29, 87, -3.9, 37.0, 2317, 9.9, 35.9
213.6, 3.1, 29.5, 100, 29, 87, -3.5, 36.5, 2309, 9.6, 36.0
214.8, 3.1, 29.1, 100, 29, 87, -3.1, 36.1, 2298, 9.0, 36.0
216.0, 2.6, 28.6, 100, 29, 87, -3.1, 39.2, 2291, 9.7, 35.5
217.2, -2.3, 31.7, 100, 29, 87, -3.1, 39.0, 2284, 10.6, 34.5
218.4, -2.5, 33.7, 99, 29, 87, -3.1, 39.1, 2277, 10.4, 34.8
219.6, -3.1, 31.4, 99, 29, 87, -3.1, 38.0, 2275, 10.2, 35.1
220.8, -3.1, 31.4, 99, 29, 87, -3.1, 37.2, 2271, 10.2, 35.5
222.0, -2.5, 32.7, 98, 29, 86, -3.1, 38.1, 2257, 11.2, 34.1
223.2, -0.0, 41.7, 98, 29, 86, -3.1, 38.0, 2258, 12.3, 31.8
224.4, -0.3, 43.9, 98, 29, 86, -3.1, 38.1, 2263, 13.0, 28.9
225.6, -0.8, 49.4, 99, 29, 86, -3.8, 44.0, 2270, 13.2, 28.9
226.8, -4.5, 52.4, 99, 29, 86, -4.7, 56.0, 2290, 16.5, 25.0
228.0, -10.9, 59.2, 101, 29, 86, -5.9, 60.4, 2306, 16.5, 24.9
229.2, -10.9, 58.6, 101, 29, 86, -7.2, 65.8, 2333, 16.5, 24.5
230.4, -8.1, 56.0, 102, 29, 86, -8.6, 63.1, 2354, 15.2, 25.3
231.6, 1.6, 44.4, 103, 29, 86, -8.6, 57.9, 2373, 13.7, 26.5
232.8, 2.6, 44.3, 103, 29, 86, -8.6, 47.0, 2386, 11.8, 29.3
234.0, 4.7, 44.3, 103, 29, 86, -7.8, 40.5, 2386, 10.3, 32.2
235.2, -1.6, 37.2, 103, 29, 86, -7.8, 30.1, 2386, 3.2, 38.4
236.4, -13.3, 15.9, 101, 29, 86, -6.7, 26.9, 2367, 3.1, 38.5
237.6, -11.0, 16.6, 101, 29, 87, -4.7, 19.1, 2240, 7.2, 38.5
238.8, -3.1, 22.9, 99, 29, 87, -4.3, 22.9, 2252, 7.1, 38.5
240.0, 0.7, 27.1, 99, 29, 87, -3.9, 29.0, 2297, 7.8, 38.0
241.2, 8.6, 43.9, 98, 29, 87, -5.2, 40.7, 2316, 10.0, 35.8
242.4, 0.7, 47.8, 99, 29, 87, -6.2, 53.6, 2342, 16.5, 25.5
243.6, -8.6, 53.7, 100, 29, 87, -5.5, 32.2, 2334, 12.9, 28.2
244.8, -4.2, 35.9, 100, 29, 87, -6.2, 34.0, 2338, 5.5, 38.0
246.0, -1.6, 26.3, 99, 29, 87, -8.6, 43.1, 2454, 10.6, 32.8
247.2, -1.6, 62.7, 100, 29, 87, -8.6, 50.8, 2447, 15.8, 26.5
248.4, -4.9, 60.0, 100, 29, 86, -8.6, 71.0, 2415, 18.4, 24.3
249.6, -12.5, 49.4, 103, 29, 86, -9.9, 61.9, 2428, 17.5, 23.3
250.8, -5.9, 47.3, 104, 29, 86, -10.4, 50.1, 2450, 14.5, 27.5
252.0, -0.4, 42.7, 105, 29, 86, -8.6, 40.1, 2434, 12.0, 30.8
253.2, 0.8, 29.1, 105, 29, 86, -8.2, 37.7, 2433, 9.7, 35.2
254.4, 0.8, 28.3, 105, 29, 86, -7.8, 34.0, 2431, 9.0, 36.9
255.6, 0.8, 26.8, 105, 29, 86, -7.0, 34.4, 2423, 9.3, 36.7
256.8, 3.5, 30.4, 105, 29, 86, -7.0, 35.1, 2408, 10.3, 34.9
258.0, 8.6, 39.7, 104, 29, 86, -6.3, 35.0, 2405, 11.0, 34.6
259.2, 2.0, 44.2, 104, 29, 86, -5.6, 35.0, 2397, 15.7, 26.0
260.4, -8.6, 53.3, 104, 29, 86, -7.0, 47.5, 2397, 15.7, 25.9
261.6, -5.8, 52.6, 104, 29, 86, -7.3, 59.0, 2397, 15.7, 25.5
262.8, -2.6, 51.7, 103, 29, 86, -9.4, 49.1, 2386, 14.6, 26.6
264.0, 3.1, 41.7, 103, 29, 86, -9.2, 50.5, 2374, 12.5, 29.5
265.2, 1.2, 44.1, 102, 29, 86, -8.6, 57.0, 2363, 14.3, 27.5
266.4, -1.9, 52.5, 102, 29, 86, -8.6, 54.5, 2363, 14.8, 26.6
267.6, 6.3, 47.3, 102, 29, 86, -8.6, 51.8, 2363, 13.3, 29.0
268.8, 5.6, 43.6, 102, 29, 86, -8.6, 50.1, 2360, 13.3, 29.0
270.0, 1.6, 51.4, 102, 29, 86, -8.1, 52.9, 2358, 13.3, 29.0
271.2, 0.6, 51.3, 102, 29, 87, -7.0, 63.0, 2358, 15.1, 27.1
272.4, -2.3, 51.0, 104, 29, 87, -7.5, 59.5, 2371, 16.5, 25.2
273.6, -2.6, 50.4, 104, 29, 87, -7.8, 56.0, 2390, 16.5, 26.5
274.8, -3.0, 49.4, 104, 29, 87, -7.8, 56.1, 2405, 14.5, 26.5
276.0, 0.8, 48.7, 104, 29, 87, -7.8, 55.7, 2405, 14.5, 26.5
277.2, 1.7, 48.0, 104, 29, 87, -7.8, 54.0, 2408, 14.1, 26.7
278.4, 3.9, 47.1, 104, 29, 87, -7.1, 54.0, 2407, 14.1, 27.0
279.6, 1.5, 46.7, 104, 29, 87, -6.3, 54.0, 2405, 14.1, 27.0
280.8, -1.2, 45.9, 104, 29, 87, -6.3, 53.4, 2405, 13.8, 27.2
282.0, 5.5, 43.9, 104, 29, 87, -6.1, 52.0, 2404, 13.3, 28.0
283.2, 5.0, 41.9, 104, 29, 87, -5.5, 48.0, 2391, 12.9, 28.8
284.4, 1.6, 40.5, 103, 29, 87, -5.2, 47.6, 2384, 12.5, 30.0
285.6, 2.6, 40.2, 103, 29, 87, -4.7, 47.0, 2364, 12.5, 29.9
286.8, 4.7, 39.7, 102, 29, 87, -4.3, 47.0, 2357, 12.5, 30.0
288.0, 2.4, 39.6, 102, 29, 87, -3.9, 47.0, 2341, 12.5, 30.0
289.2, -0.7, 39.6, 101, 29, 87, -3.5, 46.6, 2334, 12.1, 30.5
290.4, 1.6, 36.8, 100, 29, 87, -3.1, 46.0, 2320, 11.0, 32.5
291.6, 1.6, 32.9, 99, 29, 87, -3.1, 41.9, 2306, 11.0, 33.0
292.8, 3.9, 32.7, 99, 29, 87, -3.1, 38.2, 2287, 11.0, 35.0
294.0, 3.4, 32.7, 98, 29, 87, -3.1, 44.1, 2274, 11.6, 33.6
295.2, -3.9, 43.6, 98, 29, 87, -2.9, 44.9, 2260, 12.9, 29.5
296.4, -3.5, 43.5, 97, 29, 87, -2.3, 50.1, 2261, 12.9, 29.3
297.6, -0.8, 44.4, 97, 29, 87, -2.6, 50.6, 2257, 12.9, 29.0
298.8, -1.7, 44.5, 97, 29, 87, -3.1, 52.0, 2242, 13.3, 28.8
300.0, -4.7, 45.5, 97, 29, 87, -3.5, 52.0, 2243, 13.3, 28.5
301.2, -5.0, 45.8, 97, 29, 87, -3.9, 52.0, 2246, 13.3, 28.5
302.4, -5.4, 46.3, 97, 29, 87, -4.7, 52.5, 2250, 13.3, 28.5
303.6, -3.9, 46.8, 98, 29, 87, -4.8, 53.0, 2254, 13.3, 28.5
304.8, -3.7, 47.1, 98, 29, 87, -5.5, 53.1, 2262, 13.3, 28.3
306.0, -3.1, 47.1, 98, 29, 87, -5.5, 53.0, 2263, 13.3, 28.0
307.2, -3.1, 46.5, 98, 29, 87, -5.5, 53.0, 2267, 13.3, 28.5
308.4, -3.1, 44.7, 98, 29, 87, -4.7, 52.1, 2267, 13.2, 29.0
309.6, -2.8, 44.4, 98, 29, 87, -4.7, 51.0, 2268, 12.9, 29.0
310.8, -2.3, 43.5, 98, 29, 87, -4.7, 51.0, 2267, 13.0, 28.9
312.0, -2.3, 44.8, 98, 29, 87, -4.7, 51.0, 2265, 13.3, 28.5
313.2, -2.3, 47.1, 98, 29, 87, -3.9, 52.6, 2265, 13.3, 28.4
314.4, -2.7, 47.1, 98, 29, 87, -4.0, 53.6, 2265, 13.3, 28.0
315.6, -2.1, 46.5, 98, 29, 87, -4.7, 48.1, 2261, 12.3, 29.3
316.8, 4.7, 36.2, 97, 29, 87, -4.7, 46.4, 2256, 11.0, 32.0
318.0, 2.8, 36.1, 97, 29, 87, -4.8, 43.0, 2238, 11.0, 33.5
319.2, 0.0, 36.1, 97, 29, 87, -7.0, 42.5, 2230, 11.0, 33.5
320.4, 2.3, 36.1, 97, 29, 87, -6.9, 42.0, 2219, 11.0, 33.5
321.6, 3.0, 36.1, 96, 29, 87, -6.3, 42.1, 2202, 11.0, 33.5
322.8, 7.8, 36.2, 95, 29, 87, -5.8, 42.0, 2199, 11.0, 33.5
324.0, 6.4, 37.4, 95, 29, 87, -4.7, 42.0, 2191, 11.0, 33.5
325.2, 2.3, 42.8, 94, 29, 87, -4.4, 44.8, 2189, 11.0, 33.5
326.4, 2.3, 42.3, 94, 29, 87, -3.9, 51.1, 2184, 11.1, 32.2
327.6, 2.3, 40.1, 94, 29, 87, -3.7, 49.5, 2181, 11.0, 30.5
328.8, 2.0, 40.0, 94, 29, 87, -3.1, 44.1, 2174, 11.5, 31.3
330.0, -0.0, 38.7, 94, 29, 87, -3.1, 44.0, 2180, 11.4, 32.5
331.2, 0.8, 38.9, 94, 29, 87, -3.1, 44.1, 2240, 11.4, 32.5
332.4, 3.9, 52.5, 93, 29, 87, -5.9, 44.0, 2252, 11.9, 32.1
333.6, -0.1, 55.0, 93, 29, 87, -10.2, 44.1, 2295, 16.5, 24.5
334.8, -7.0, 61.2, 95, 29, 87, -10.5, 52.7, 2285, 16.3, 24.5
336.0, -5.1, 56.8, 96, 29, 87, -10.7, 67.0, 2262, 14.9, 24.5
337.2, -2.3, 48.6, 97, 29, 87, -2.3, 59.1, 2262, 14.0, 25.6
338.4, -1.5, 44.2, 97, 29, 87, -2.3, 51.9, 2263, 11.8, 30.5
339.6, -1.2, 38.8, 97, 29, 87, -2.3, 46.1, 2254, 11.2, 31.0
340.8, -3.9, 28.7, 96, 29, 87, -3.0, 39.5, 2245, 10.3, 32.0
342.0, -2.1, 27.5, 96, 29, 87, -3.9, 26.0, 2215, 7.1, 35.4
343.2, 0.8, 25.1, 95, 29, 87, -3.5, 27.2, 2211, 7.1, 38.0
344.4, 2.5, 25.1, 94, 29, 87, -3.1, 29.0, 2203, 7.1, 37.9
345.6, 4.7, 25.2, 93, 29, 87, -2.7, 36.6, 2243, 9.0, 35.8
346.8, 6.3, 38.5, 93, 29, 87, -2.7, 46.0, 2302, 14.9, 26.0
348.0, 6.8, 58.0, 92, 29, 87, -10.2, 61.0, 2292, 16.1, 24.8
349.2, -0.8, 70.2, 93, 29, 87, -9.4, 73.0, 2283, 18.2, 22.0
350.4, 0.0, 72.0, 94, 29, 87, -7.8, 82.0, 2283, 22.4, 19.1
351.6, 2.3, 79.6, 96, 29, 87, -7.4, 83.6, 2282, 22.8, 16.0
352.8, 2.3, 80.6, 96, 29, 87, -7.0, 86.0, 2281, 25.5, 15.0
354.0, 2.3, 83.1, 97, 29, 87, -7.0, 72.0, 2276, 22.5, 16.6
355.2, -1.5, 74.3, 97, 29, 87, -7.0, 72.0, 2268, 15.3, 24.5
356.4, -6.3, 56.5, 97, 29, 87, -7.9, 68.4, 2279, 15.4, 24.7
357.6, -5.4, 56.0, 97, 29, 87, -8.7, 64.6, 2292, 15.7, 25.5
358.8, -4.3, 54.5, 97, 29, 87, -9.4, 61.0, 2292, 15.5, 25.5
360.0, -2.3, 44.8, 99, 29, 87, -8.0, 56.2, 2295, 15.3, 25.5
361.2, -1.8, 44.0, 99, 29, 87, -4.7, 39.1, 2329, 13.0, 29.4
362.4, -0.0, 39.7, 100, 29, 87, -4.4, 39.5, 2331, 10.6, 34.5
363.6, 0.7, 38.0, 100, 29, 87, -3.9, 41.0, 2339, 10.2, 34.8
364.8, 2.3, 32.2, 100, 29, 87, -3.9, 39.5, 2349, 10.7, 34.5
366.0, 3.9, 39.8, 100, 29, 87, -5.2, 41.0, 2364, 12.9, 30.0
367.2, 4.5, 50.3, 100, 29, 87, -10.9, 66.0, 2495, 12.9, 28.1
368.4, -3.9, 62.0, 101, 29, 87, -10.9, 66.5, 2478, 12.9, 24.0
369.6, -5.7, 57.0, 102, 29, 87, -10.9, 68.0, 2401, 11.4, 24.9
370.8, -10.9, 32.2, 103, 29, 87, -7.9, 58.4, 2388, 10.1, 26.4
372.0, -7.6, 30.9, 102, 29, 87, -3.1, 35.0, 2344, 9.0, 35.9
373.2, -1.6, 28.3, 100, 29, 87, -3.1, 34.1, 2328, 8.9, 36.1
374.4, -1.8, 28.3, 100, 29, 87, -3.1, 33.0, 2301, 8.6, 37.0
375.6, -2.3, 28.6, 99, 29, 87, -3.1, 33.9, 2284, 8.8, 36.8
376.8, -2.0, 28.9, 98, 29, 87, -3.1, 35.0, 2252, 9.4, 36.0
378.0, -1.6, 29.4, 97, 29, 87, -2.3, 35.0, 2240, 9.4, 36.0
379.2, -0.8, 33.1, 97, 29, 87, -2.1, 37.0, 2223, 9.4, 36.0
380.4, -1.1, 35.7, 96, 29, 87, -1.6, 43.0, 2206, 11.4, 34.0
381.6, -1.6, 35.7, 96, 29, 87, -1.6, 42.6, 2204, 11.4, 32.5
382.8, -2.4, 38.1, 96, 29, 87, -1.6, 42.0, 2200, 11.4, 32.5
384.0, -2.9, 41.6, 95, 29, 87, -6.0, 60.3, 2213, 13.9, 28.8
385.2, 0.8, 59.2, 95, 29, 87, -8.8, 74.8, 2227, 19.6, 17.5
386.4, 1.9, 73.4, 96, 29, 87, -9.4, 78.0, 2234, 19.8, 17.3
387.6, 5.5, 73.7, 97, 29, 87, -9.0, 78.4, 2237, 20.0, 17.1
388.8, 4.8, 73.7, 97, 29, 87, -8.5, 79.0, 2245, 20.0, 17.5
390.0, 3.7, 73.7, 97, 29, 87, -7.8, 79.0, 2247, 20.0, 17.4
391.2, -0.8, 73.7, 97, 29, 87, -7.6, 79.1, 2247, 20.0, 17.0
392.4, -0.7, 73.9, 97, 29, 87, -7.0, 80.0, 2233, 20.4, 17.0
393.6, -0.0, 75.7, 97, 29, 87, -6.8, 80.5, 2228, 20.8, 17.0
394.8, 0.5, 76.0, 97, 29, 87, -6.3, 82.0, 2206, 20.8, 16.5
396.0, 1.6, 76.9, 96, 29, 87, -5.9, 82.0, 2205, 20.8, 16.0
397.2, 3.6, 76.9, 96, 29, 87, -5.5, 82.0, 2204, 21.6, 16.0
398.4, 6.3, 76.9, 96, 29, 87, -4.7, 82.0, 2202, 21.6, 15.9
399.6, 3.9, 77.4, 96, 29, 87, -4.5, 82.0, 2200, 21.6, 15.5
400.8, 4.0, 78.0, 95, 29, 87, -3.9, 82.0, 2192, 21.6, 15.5
402.0, 4.7, 78.8, 95, 29, 88, -3.5, 82.0, 2185, 21.6, 15.5
403.2, 4.3, 78.8, 95, 29, 88, -3.1, 82.1, 2179, 21.6, 15.5
404.4, 4.0, 78.8, 94, 29, 88, -3.1, 84.0, 2171, 21.9, 15.3
405.6, 4.7, 79.2, 93, 29, 88, -2.9, 84.0, 2169, 22.4, 15.0
406.8, 4.2, 79.6, 93, 29, 88, -2.3, 84.0, 2252, 22.4, 15.2
408.0, 2.3, 81.6, 93, 28, 88, -1.6, 85.5, 2240, 22.8, 15.4
409.2, 0.7, 82.0, 93, 28, 88, -0.8, 88.0, 2208, 25.5, 14.0
410.4, -1.6, 82.7, 93, 28, 88, -0.0, 86.3, 2194, 24.0, 14.4
411.6, -3.3, 75.9, 93, 28, 88, -0.0, 84.0, 2169, 19.6, 16.0
412.8, -5.5, 63.1, 92, 28, 88, -2.1, 74.6, 2177, 19.7, 16.3
414.0, -5.5, 66.9, 92, 28, 88, -3.9, 64.8, 2190, 20.0, 19.0
415.2, -5.4, 73.7, 92, 28, 88, -3.9, 84.0, 2189, 21.0, 17.8
416.4, 1.6, 77.1, 92, 28, 88, -3.8, 84.0, 2188, 23.1, 15.0
417.6, 1.3, 81.0, 93, 28, 88, -3.1, 84.0, 2189, 23.1, 15.0
418.8, -0.8, 78.0, 93, 28, 88, -3.1, 80.3, 2192, 23.1, 15.0
420.0, -0.3, 77.9, 94, 28, 88, -3.1, 40.1, 2225, 17.8, 21.0
421.2, 6.3, 58.4, 93, 28, 88, -4.6, 42.8, 2225, 8.2, 36.0
422.4, 4.9, 58.2, 91, 29, 88, -10.9, 69.0, 2515, 11.7, 36.0
423.6, -10.9, 42.1, 91, 29, 88, -8.7, 63.9, 2577, 18.0, 36.0
424.8, -10.9, 42.0, 91, 29, 88, -2.3, 40.1, 3272, 17.5, 36.0
426.0, -10.9, 42.1, 91, 29, 88, -4.5, 47.7, 3136, 17.1, 36.0
427.2, -8.6, 43.9, 92, 29, 88, -10.2, 82.0, 2231, 21.6, 27.7
428.4, 1.6, 76.9, 93, 29, 88, -7.8, 80.7, 2229, 21.6, 16.0
429.6, -3.0, 68.0, 94, 29, 88, -3.1, 76.0, 2215, 16.4, 20.3
430.8, -14.1, 37.6, 96, 29, 88, -2.7, 60.0, 2236, 12.0, 26.3
432.0, -9.2, 33.4, 96, 29, 88, -2.4, 39.4, 2270, 8.6, 36.0
433.2, -3.9, 27.1, 95, 29, 88, -3.1, 31.1, 2227, 8.6, 36.3
434.4, 3.9, 27.9, 95, 29, 88, -2.9, 31.5, 2223, 8.6, 37.0
435.6, 3.9, 28.6, 94, 29, 88, -2.3, 34.1, 2192, 8.8, 36.8
436.8, 3.9, 29.0, 94, 29, 88, -2.0, 34.0, 2189, 9.0, 36.5
438.0, 3.9, 23.9, 94, 29, 88, -1.7, 34.0, 2180, 7.8, 36.5
439.2, 3.9, 12.6, 93, 29, 88, -3.1, 25.7, 2092, 5.4, 32.0
440.4, 2.1, 13.3, 92, 29, 88, -3.1, 17.0, 1974, 0.0, 13.0
441.6, 0.0, 14.6, 91, 29, 88, -3.1, 19.4, 1850, 0.0, 8.8
442.8, -0.0, 17.4, 89, 29, 88, -3.1, 21.4, 1758, 0.0, 0.0
444.0, 0.0, 17.1, 88, 29, 88, -3.1, 23.1, 1843, 1.3, 15.2
445.2, -0.0, 16.2, 86, 29, 88, -3.1, 22.4, 1855, 1.3, 35.5
446.4, 1.4, 17.8, 86, 29, 87, -3.1, 21.1, 1909, 3.5, 36.1
447.6, 4.7, 23.5, 84, 29, 87, -2.6, 26.3, 1949, 4.7, 36.3
448.8, 0.9, 29.9, 84, 29, 87, -2.3, 35.5, 2013, 8.6, 35.0
450.0, -4.5, 38.4, 84, 29, 87, -2.3, 60.0, 2102, 11.1, 31.7
451.2, -18.0, 58.4, 86, 29, 87, -3.5, 60.5, 2096, 14.5, 25.5
452.4, -15.6, 58.7, 86, 29, 87, -7.0, 63.0, 2046, 14.7, 25.5
453.6, -4.7, 61.2, 87, 29, 87, -7.4, 64.1, 2046, 14.9, 25.5
454.8, -4.0, 60.5, 87, 29, 87, -8.6, 69.0, 2057, 15.7, 24.9
456.0, -1.6, 56.5, 89, 29, 87, -8.9, 62.4, 2055, 16.3, 24.0
457.2, 1.6, 53.6, 89, 29, 87, -9.4, 47.0, 2052, 11.0, 27.8
458.4, 8.6, 44.3, 88, 29, 87, -9.0, 50.6, 2073, 11.5, 31.2
459.6, 3.7, 44.0, 88, 29, 87, -8.6, 56.0, 2124, 14.9, 26.0
460.8, -4.7, 43.1, 88, 29, 87, -8.6, 51.4, 2104, 14.0, 26.9
462.0, 2.6, 40.9, 88, 29, 87, -8.4, 46.0, 2068, 11.0, 32.0
463.2, 9.9, 38.3, 87, 29, 87, -6.3, 49.1, 2062, 11.4, 31.3
464.4, 3.9, 72.9, 87, 29, 87, -5.7, 51.9, 2056, 12.5, 29.0
465.6, 3.5, 73.2, 88, 29, 87, -3.1, 80.0, 2174, 16.3, 24.2
466.8, 0.8, 77.3, 90, 29, 87, -3.4, 74.5, 2148, 19.8, 16.1
468.0, 0.8, 64.1, 90, 29, 87, -3.9, 64.0, 2079, 10.6, 28.0
469.2, 0.8, 34.9, 90, 29, 87, -6.3, 51.1, 2109, 10.7, 29.1
470.4, 1.7, 42.8, 90, 29, 87, -5.9, 42.7, 2140, 11.0, 32.5
471.6, 2.0, 49.1, 89, 29, 87, -4.7, 58.0, 2106, 12.1, 30.4
472.8, 0.8, 47.5, 90, 29, 87, -4.7, 55.6, 2102, 13.3, 27.5
474.0, 0.2, 41.6, 90, 29, 87, -4.6, 50.0, 2087, 11.8, 29.3
475.2, -0.8, 27.8, 89, 29, 87, -3.9, 33.1, 2097, 10.9, 31.6
476.4, 3.8, 31.1, 89, 29, 87, -3.7, 36.9, 2119, 9.0, 36.0
477.6, 6.3, 34.2, 89, 29, 87, -3.1, 55.0, 2216, 10.5, 33.0
478.8, 3.9, 34.5, 89, 29, 87, -3.1, 50.6, 2216, 11.8, 29.7
480.0, 4.2, 33.8, 89, 29, 87, -3.0, 44.0, 2216, 11.8, 31.5
481.2, 4.7, 32.5, 89, 29, 87, -2.3, 40.2, 2180, 11.9, 31.5
482.4, 5.4, 43.9, 89, 29, 87, -2.4, 36.0, 2122, 12.5, 31.5
483.6, 6.3, 64.3, 90, 29, 87, -4.7, 58.9, 2198, 15.2, 29.4
484.8, 5.5, 71.5, 92, 29, 87, -4.3, 84.0, 2317, 24.3, 15.0
486.0, 4.6, 80.8, 95, 29, 87, -0.8, 86.0, 2317, 24.6, 14.9
487.2, 3.1, 81.5, 97, 29, 87, -0.8, 86.2, 2317, 25.5, 14.5
488.4, 3.0, 82.4, 99, 29, 87, -0.8, 89.0, 2333, 26.0, 14.6
489.6, 0.8, 82.4, 101, 29, 87, -1.9, 87.9, 2350, 27.1, 15.0
490.8, -0.4, 82.2, 104, 29, 87, -8.6, 70.0, 2413, 23.4, 17.8
492.0, -10.2, 54.9, 105, 29, 87, -7.9, 67.1, 2414, 16.9, 24.0
493.2, -7.9, 53.1, 106, 29, 87, -4.7, 46.1, 2449, 16.9, 27.0
494.4, 4.7, 32.6, 106, 29, 87, -4.7, 45.2, 2449, 16.9, 33.5
495.6, 4.7, 32.5, 106, 29, 87, -4.7, 40.1, 2450, 14.2, 33.8
496.8, 3.9, 32.0, 106, 29, 87, -4.4, 41.6, 2450, 10.8, 34.5
498.0, 2.0, 36.0, 106, 29, 87, -3.9, 45.0, 2450, 14.1, 30.5
499.2, -1.2, 45.1, 106, 29, 87, -3.9, 49.3, 2450, 14.2, 28.2
500.4, -7.8, 46.2, 106, 29, 87, -4.0, 53.1, 2449, 14.5, 27.5
501.6, -7.6, 46.2, 106, 29, 87, -4.7, 54.0, 2447, 14.5, 27.6
502.8, -6.3, 37.4, 105, 29, 87, -5.0, 51.1, 2441, 14.5, 28.0
504.0, -4.1, 37.3, 105, 29, 87, -5.5, 43.0, 2422, 13.1, 30.0
505.2, 3.1, 37.3, 104, 29, 87, -5.2, 42.7, 2417, 11.8, 32.5
506.4, 4.0, 37.5, 104, 29, 87, -4.7, 42.0, 2402, 11.4, 33.0
507.6, 5.5, 38.0, 103, 29, 87, -3.9, 44.4, 2394, 11.9, 32.3
508.8, 1.7, 39.8, 103, 29, 87, -3.8, 47.1, 2382, 13.3, 29.0
510.0, -1.7, 42.4, 103, 29, 87, -3.1, 50.1, 2378, 13.3, 28.8
511.2, -2.3, 45.1, 103, 29, 87, -3.3, 50.0, 2375, 13.3, 28.5
512.4, -3.2, 49.3, 103, 29, 87, -3.9, 50.0, 2388, 14.9, 26.9
513.6, -5.5, 59.6, 104, 29, 87, -6.8, 54.7, 2397, 16.5, 25.0
514.8, -4.9, 59.4, 104, 29, 87, -10.9, 66.0, 2429, 17.3, 24.8
516.0, -3.1, 58.4, 106, 29, 87, -10.9, 66.0, 2440, 17.3, 24.5
517.2, -2.6, 58.5, 106, 29, 87, -10.9, 66.0, 2475, 17.3, 24.5
518.4, -1.6, 58.8, 108, 29, 87, -10.2, 65.6, 2484, 17.2, 24.6
519.6, -1.6, 58.3, 108, 29, 87, -10.2, 65.0, 2505, 16.9, 25.5
520.8, -1.6, 57.3, 109, 29, 87, -9.4, 64.4, 2516, 16.9, 25.5
522.0, -2.0, 56.9, 109, 29, 87, -9.4, 63.0, 2530, 16.9, 25.5
523.2, -1.1, 54.7, 110, 29, 87, -9.4, 58.0, 2552, 15.9, 26.0
524.4, 3.1, 43.5, 111, 29, 87, -8.8, 55.9, 2550, 14.9, 26.5
525.6, 2.6, 44.7, 111, 29, 87, -7.8, 50.0, 2542, 14.5, 28.0
526.8, 1.6, 48.6, 111, 29, 87, -7.8, 53.0, 2545, 14.7, 27.8
528.0, 0.1, 50.2, 111, 29, 87, -7.7, 58.0, 2552, 15.7, 26.5
529.2, -1.8, 52.5, 110, 29, 87, -6.3, 59.3, 2549, 15.8, 26.4
530.4, -4.7, 52.5, 110, 29, 87, -6.3, 59.5, 2544, 16.1, 26.0
531.6, -3.9, 52.4, 110, 29, 87, -6.3, 58.0, 2533, 15.3, 26.2
532.8, -0.8, 51.4, 109, 29, 87, -6.3, 57.2, 2528, 15.3, 26.5
534.0, -0.6, 51.4, 109, 29, 87, -6.3, 54.0, 2504, 14.4, 27.2
535.2, 1.6, 51.4, 109, 29, 87, -5.9, 52.6, 2501, 13.3, 28.5
536.4, 2.0, 49.4, 108, 29, 87, -4.7, 45.0, 2472, 12.2, 29.8
537.6, 3.1, 36.9, 107, 29, 87, -4.5, 45.0, 2469, 12.2, 31.5
538.8, 2.1, 37.3, 107, 29, 87, -3.9, 45.0, 2451, 12.2, 31.5
540.0, -0.0, 38.8, 106, 29, 87, -3.5, 46.6, 2447, 12.6, 31.0
541.2, -0.8, 42.1, 106, 29, 87, -3.1, 49.0, 2438, 14.1, 28.0
542.4, -1.5, 46.7, 106, 29, 87, -3.1, 49.1, 2441, 12.5, 29.2
543.6, -0.0, 38.4, 106, 29, 87, -3.1, 47.8, 2444, 9.4, 32.5
544.8, -0.2, 29.8, 106, 29, 87, -3.1, 35.1, 2442, 9.4, 33.6
546.0, -2.3, 29.1, 106, 29, 87, -3.3, 35.0, 2440, 9.4, 36.0
547.2, -1.8, 29.0, 106, 29, 87, -3.9, 35.1, 2436, 9.4, 36.0
548.4, 1.6, 29.9, 106, 29, 87, -3.9, 35.8, 2436, 9.4, 36.0
549.6, 1.2, 30.1, 106, 29, 87, -3.9, 40.0, 2440, 10.2, 35.2
550.8, -0.8, 35.7, 106, 29, 87, -3.6, 41.6, 2446, 11.1, 34.0
552.0, -1.6, 35.7, 106, 29, 87, -3.1, 45.0, 2461, 12.2, 32.6
553.2, -3.1, 35.7, 107, 29, 86, -3.1, 43.9, 2457, 12.1, 31.7
554.4, -2.5, 35.8, 107, 29, 86, -3.1, 42.0, 2449, 11.8, 33.0
555.6, -1.6, 36.1, 106, 29, 86, -3.9, 46.2, 2444, 12.8, 31.4
556.8, -10.2, 44.4, 106, 29, 86, -4.2, 51.0, 2437, 15.3, 26.5
558.0, -8.5, 51.2, 105, 29, 86, -5.5, 57.0, 2433, 14.8, 26.7
559.2, -1.6, 47.8, 106, 29, 86, -5.8, 56.5, 2433, 14.1, 27.0
560.4, -0.8, 50.8, 106, 29, 86, -6.3, 55.0, 2433, 14.6, 26.7
561.6, 0.8, 60.0, 105, 29, 86, -6.3, 62.2, 2436, 15.9, 25.7
562.8, -0.0, 60.9, 106, 29, 86, -6.7, 68.0, 2442, 18.0, 23.5
564.0, 0.2, 61.6, 107, 29, 86, -7.8, 68.0, 2463, 18.0, 23.5
565.2, 0.8, 61.6, 107, 29, 86, -7.8, 68.0, 2469, 18.1, 23.5
566.4, -0.8, 62.1, 108, 29, 86, -7.7, 68.2, 2479, 18.4, 23.5
567.6, -0.8, 62.7, 109, 29, 86, -7.0, 70.0, 2520, 18.4, 23.5
568.8, -0.4, 62.7, 109, 29, 86, -6.9, 70.0, 2520, 18.4, 23.0
570.0, -0.0, 62.7, 110, 29, 87, -6.3, 70.0, 2540, 18.4, 23.0
571.2, 1.7, 62.4, 111, 29, 87, -6.1, 69.9, 2562, 18.4, 23.0
572.4, 2.4, 61.9, 112, 29, 87, -5.5, 69.0, 2590, 18.4, 23.2
573.6, -3.1, 56.5, 113, 29, 87, -5.5, 66.7, 2595, 18.1, 23.6
574.8, -2.4, 55.0, 113, 29, 87, -5.5, 62.0, 2610, 15.7, 26.0
576.0, -1.6, 52.4, 113, 29, 87, -7.0, 58.5, 2610, 15.4, 26.3
577.2, -0.8, 46.7, 113, 29, 87, -7.0, 55.5, 2610, 14.5, 27.5
578.4, -1.0, 46.6, 113, 29, 87, -7.0, 53.0, 2610, 14.5, 27.7
579.6, -1.6, 45.9, 113, 29, 87, -6.4, 52.7, 2608, 14.5, 28.0
580.8, 0.1, 45.2, 113, 29, 87, -5.5, 52.0, 2599, 14.0, 28.3
582.0, 3.9, 43.1, 112, 29, 87, -4.7, 53.8, 2595, 13.7, 28.2
583.2, 3.5, 46.0, 112, 29, 87, -4.7, 56.0, 2588, 13.7, 26.5
584.4, 3.1, 51.0, 112, 29, 87, -4.7, 57.0, 2588, 14.3, 26.5
585.6, 0.8, 50.6, 112, 29, 87, -4.8, 57.2, 2589, 15.7, 26.5
586.8, 0.6, 49.8, 112, 29, 87, -5.5, 50.0, 2585, 14.7, 27.3
588.0, -0.8, 41.2, 112, 29, 87, -5.8, 49.3, 2584, 13.3, 29.0
589.2, -0.6, 40.4, 112, 29, 87, -7.0, 45.0, 2558, 12.6, 30.2
590.4, -0.0, 34.9, 110, 29, 87, -6.8, 45.0, 2554, 11.8, 32.0
591.6, -0.2, 35.5, 110, 29, 87, -6.3, 45.0, 2530, 12.5, 32.0
592.8, -0.8, 38.0, 109, 29, 87, -5.9, 45.4, 2524, 12.5, 32.0
594.0, -1.7, 37.9, 109, 29, 87, -5.5, 46.0, 2512, 12.5, 31.0
595.2, -3.1, 37.6, 108, 29, 87, -4.7, 45.5, 2505, 12.5, 31.1
596.4, -2.4, 37.2, 108, 29, 87, -4.6, 45.0, 2495, 12.5, 31.5
597.6, -1.6, 36.5, 109, 29, 87, -3.9, 45.1, 2499, 12.6, 31.2
598.8, -0.8, 38.8, 109, 29, 87, -3.9, 45.0, 2504, 12.9, 30.0
600.0, -0.0, 42.0, 109, 29, 87, -3.9, 45.1, 2516, 13.0, 29.7
601.2, -2.0, 41.8, 109, 29, 87, -3.9, 45.0, 2530, 13.3, 29.0
602.4, -3.8, 41.7, 110, 29, 87, -3.9, 45.0, 2562, 13.3, 29.0
603.6, -6.3, 42.4, 110, 29, 87, -4.1, 46.4, 2566, 13.3, 29.0
604.8, -6.6, 42.6, 110, 29, 86, -4.7, 53.0, 2605, 13.7, 28.6
606.0, -7.8, 43.9, 114, 29, 86, -5.0, 52.5, 2609, 14.1, 28.0
607.2, -4.4, 39.0, 114, 29, 86, -5.5, 51.0, 2630, 13.7, 28.5
608.4, 2.3, 23.9, 114, 29, 86, -5.5, 40.0, 2618, 12.8, 29.7
609.6, -0.1, 27.1, 114, 29, 86, -5.5, 24.0, 2597, 8.6, 37.5
610.8, -3.1, 32.5, 113, 29, 86, -5.5, 37.1, 2660, 10.7, 35.6
612.0, -2.2, 44.5, 113, 29, 86, -5.5, 52.4, 2731, 14.9, 28.5
613.2, -0.8, 57.0, 113, 29, 86, -5.5, 73.0, 2773, 18.2, 25.6
614.4, 1.6, 68.6, 113, 29, 86, -5.9, 74.1, 2740, 20.8, 22.5
615.6, -1.1, 64.0, 113, 29, 86, -6.4, 76.0, 2661, 20.8, 22.5
616.8, -4.7, 55.7, 112, 29, 86, -7.8, 69.6, 2630, 18.7, 22.7
618.0, -6.5, 54.9, 112, 29, 86, -7.8, 61.0, 2577, 16.1, 25.5
619.2, -8.6, 53.7, 111, 29, 86, -8.2, 61.0, 2568, 16.1, 25.5
620.4, -5.6, 53.7, 111, 29, 86, -8.6, 61.0, 2555, 16.1, 25.5
621.6, -3.1, 53.7, 111, 29, 86, -8.6, 61.0, 2554, 16.1, 25.5
622.8, -3.1, 54.5, 111, 29, 86, -8.6, 61.0, 2555, 16.1, 25.5
624.0, -1.9, 53.6, 111, 29, 86, -8.6, 61.0, 2561, 16.1, 25.7
625.2, 2.3, 48.6, 112, 29, 86, -8.6, 58.9, 2563, 16.1, 26.0
626.4, 2.7, 48.5, 112, 29, 86, -8.6, 53.0, 2577, 15.4, 26.6
627.6, 7.0, 43.1, 112, 29, 86, -8.2, 52.3, 2578, 14.1, 28.0
628.8, 5.1, 42.8, 112, 29, 87, -7.0, 49.0, 2590, 13.7, 28.6
630.0, -0.8, 40.8, 113, 29, 87, -6.7, 48.6, 2592, 13.3, 29.5
631.2, -0.8, 40.5, 113, 29, 87, -6.2, 48.0, 2596, 13.3, 29.5
632.4, -0.2, 40.0, 113, 29, 87, -4.7, 48.0, 2596, 13.3, 29.5
633.6, 3.1, 40.4, 113, 29, 87, -4.5, 48.0, 2593, 13.3, 29.5
634.8, 3.3, 40.5, 113, 29, 87, -3.9, 48.0, 2557, 13.1, 29.5
636.0, 3.9, 41.2, 109, 29, 87, -3.9, 48.0, 2550, 12.9, 29.5
637.2, 3.4, 40.8, 109, 29, 87, -3.9, 48.0, 2512, 12.6, 29.8
638.4, 2.3, 39.6, 107, 29, 87, -3.1, 47.5, 2488, 12.5, 30.0
639.6, -0.8, 39.0, 106, 29, 87, -3.1, 46.8, 2455, 12.5, 30.0
640.8, -1.0, 38.4, 105, 29, 87, -3.1, 45.0, 2399, 12.2, 30.6
642.0, -2.3, 36.9, 104, 29, 87, -2.9, 45.0, 2399, 11.8, 31.5
643.2, -2.1, 36.5, 103, 29, 87, -2.3, 45.0, 2399, 11.0, 32.2
644.4, -1.6, 35.3, 102, 29, 87, -2.3, 38.2, 2381, 10.4, 33.1
645.6, -3.0, 27.8, 101, 29, 87, -2.7, 28.0, 2333, 3.5, 38.5
646.8, -4.7, 15.7, 100, 29, 87, -6.3, 24.2, 2291, 3.5, 38.5
648.0, -4.7, 15.9, 99, 29, 87, -5.7, 21.0, 2241, 3.5, 38.5
649.2, -3.6, 16.3, 98, 29, 87, -3.1, 21.1, 2219, 3.5, 38.5
650.4, 1.6, 19.2, 97, 29, 87, -3.4, 23.7, 2219, 4.1, 38.4
651.6, 2.5, 21.7, 97, 29, 87, -3.9, 30.0, 2273, 8.6, 37.0
652.8, 3.9, 27.5, 96, 29, 86, -3.1, 31.5, 2277, 8.6, 37.0
654.0, 0.8, 27.5, 96, 29, 86, -3.1, 33.0, 2283, 8.6, 37.0
655.2, -2.4, 27.2, 96, 30, 86, -3.1, 33.0, 2275, 8.5, 37.1
656.4, -3.1, 14.2, 95, 30, 86, -3.1, 28.3, 2228, 8.2, 37.5
657.6, -2.3, 14.1, 95, 30, 86, -3.1, 17.0, 2057, 3.6, 35.5
658.8, -0.0, 14.1, 93, 30, 86, -3.1, 19.5, 1989, 1.2, 33.6
660.0, 1.2, 22.8, 93, 30, 86, -3.1, 23.0, 1850, 9.4, 36.0
661.2, 3.1, 43.9, 91, 30, 86, -1.6, 39.4, 2051, 10.6, 34.4
662.4, 3.1, 44.4, 91, 30, 86, -2.3, 51.1, 2258, 13.7, 28.0
663.6, 2.8, 44.7, 91, 30, 86, -5.5, 45.1, 2147, 12.4, 28.0
664.8, 0.8, 32.6, 91, 30, 86, -5.5, 44.4, 2148, 10.2, 28.0
666.0, 0.7, 33.2, 91, 30, 86, -5.5, 41.0, 2170, 11.3, 28.6
667.2, -0.0, 44.7, 92, 30, 86, -5.5, 43.7, 2169, 12.9, 30.0
668.4, -2.1, 44.8, 92, 30, 86, -5.5, 52.0, 2162, 13.1, 29.5
669.6, -6.3, 45.1, 92, 30, 86, -5.9, 48.2, 2163, 12.8, 29.2
670.8, -0.3, 40.7, 92, 30, 86, -6.3, 42.0, 2167, 9.4, 35.0
672.0, 9.4, 30.2, 92, 30, 86, -5.9, 38.1, 2149, 9.2, 35.2
673.2, 6.6, 28.7, 92, 30, 86, -5.5, 32.0, 2108, 7.8, 37.0
674.4, 2.3, 25.5, 90, 30, 87, -4.1, 27.8, 2089, 6.5, 37.1
675.6, 0.2, 21.0, 89, 30, 87, -3.1, 23.4, 2055, 3.1, 37.5
676.8, -1.4, 15.6, 88, 30, 87, -3.1, 20.1, 1948, 2.1, 37.3
678.0, -0.0, 15.0, 86, 30, 87, -3.5, 20.2, 1943, 0.8, 37.0
679.2, 0.4, 15.6, 85, 30, 87, -4.7, 21.1, 1898, 1.0, 36.8
680.4, 2.3, 22.7, 84, 30, 87, -4.7, 23.0, 1906, 1.2, 36.5
681.6, 3.3, 27.8, 84, 30, 87, -4.7, 28.0, 1946, 7.5, 36.0
682.8, 5.5, 42.0, 84, 30, 87, -4.3, 35.4, 1946, 7.5, 34.1
684.0, 0.7, 54.2, 84, 30, 87, -3.9, 46.0, 1945, 7.5, 18.5
685.2, -5.5, 73.3, 84, 30, 87, -4.7, 63.9, 1945, 10.0, 18.0
686.4, -3.9, 76.8, 85, 30, 87, -4.8, 84.0, 1945, 21.6, 13.5
687.6, -2.4, 81.2, 86, 30, 87, -5.5, 86.0, 1980, 22.0, 13.3
688.8, -3.1, 78.8, 87, 30, 87, -5.8, 79.6, 2017, 21.9, 13.1
690.0, -4.2, 67.7, 88, 29, 87, -6.3, 61.0, 2044, 10.2, 29.0
691.2, -6.3, 31.8, 86, 29, 87, -5.1, 47.0, 2020, 9.5, 30.0
692.4, -0.5, 29.0, 84, 29, 87, -3.9, 26.0, 1968, 6.3, 36.5
693.6, 6.3, 24.3, 81, 29, 87, -3.9, 27.9, 1934, 6.3, 36.4
694.8, 4.3, 24.8, 80, 29, 87, -3.8, 31.0, 1885, 6.3, 36.0
696.0, 2.5, 25.5, 77, 30, 87, -3.1, 55.0, 1997, 10.4, 32.2
697.2, 5.5, 54.4, 77, 30, 87, -3.9, 60.0, 2084, 18.4, 21.5
698.4, 2.6, 76.1, 79, 29, 87, -6.3, 90.0, 1822, 22.1, 16.8
699.6, -5.5, 76.1, 78, 29, 87, -4.8, 65.9, 1822, 22.4, 13.0
700.8, -7.2, 55.2, 78, 29, 87, -3.2, 28.0, 1822, 2.0, 35.5
702.0, -9.2, 22.4, 77, 29, 87, -4.7, 37.1, 1895, 4.9, 34.6
703.2, 3.9, 34.7, 77, 29, 87, -4.6, 46.5, 1970, 11.0, 31.5
704.4, 1.9, 47.0, 76, 29, 87, -3.9, 58.0, 1886, 11.9, 28.7
705.6, -7.0, 54.5, 78, 29, 87, -4.1, 59.4, 1882, 12.9, 24.5
706.8, -5.0, 55.1, 78, 29, 87, -4.7, 64.0, 1862, 14.1, 24.2
708.0, -0.8, 57.3, 78, 29, 87, -5.0, 61.6, 1866, 13.8, 24.2
709.2, -1.1, 57.3, 79, 29, 87, -5.5, 56.0, 1885, 11.0, 28.5
710.4, -1.6, 57.3, 82, 29, 88, -5.5, 55.2, 1910, 11.1, 28.5
711.6, 0.1, 55.1, 82, 29, 88, -5.5, 54.0, 1975, 12.5, 28.0
712.8, 3.1, 49.0, 83, 29, 88, -5.5, 54.0, 1976, 12.7, 27.8
714.0, 2.8, 49.7, 83, 29, 88, -5.5, 54.0, 1977, 13.3, 26.5
715.2, 2.3, 51.0, 85, 29, 88, -5.5, 49.9, 1980, 12.7, 27.1
716.4, 4.4, 44.7, 85, 29, 88, -5.4, 45.8, 1983, 10.6, 31.5
717.6, 5.7, 37.4, 85, 29, 88, -4.7, 43.0, 1984, 10.4, 31.7
718.8, 0.8, 39.6, 84, 29, 88, -4.4, 43.0, 1985, 10.1, 32.0
720.0, 0.6, 38.2, 84, 29, 88, -3.9, 43.0, 1985, 9.0, 33.5
721.2, -0.0, 32.2, 82, 29, 88, -3.5, 42.2, 1975, 9.4, 33.4
722.4, 0.0, 38.8, 81, 29, 88, -3.1, 41.0, 1951, 12.5, 29.0
723.6, -0.0, 51.4, 80, 29, 88, -2.3, 49.5, 1938, 12.7, 28.2
724.8, -2.7, 52.7, 80, 29, 88, -2.4, 59.0, 1918, 13.3, 24.5
726.0, -5.6, 54.6, 80, 29, 88, -3.1, 59.0, 1891, 14.0, 24.2
727.2, -7.0, 67.1, 80, 29, 88, -3.5, 60.5, 1863, 15.3, 23.5
728.4, -5.8, 66.0, 79, 29, 88, -4.7, 67.0, 1856, 14.7, 23.5
729.6, -0.0, 53.3, 79, 29, 88, -4.7, 64.3, 1857, 13.9, 23.5
730.8, 2.2, 53.1, 79, 29, 88, -4.7, 57.0, 1865, 12.5, 25.5
732.0, 5.5, 52.5, 78, 29, 88, -4.7, 57.9, 1847, 12.5, 25.3
733.2, 5.5, 54.3, 78, 29, 88, -4.6, 59.3, 1822, 12.5, 24.5
734.4, 5.1, 56.5, 77, 29, 88, -3.9, 64.0, 1814, 13.1, 24.0
735.6, 2.3, 60.4, 77, 29, 88, -3.9, 64.8, 1813, 14.1, 23.0
736.8, 1.0, 61.6, 77, 28, 88, -3.9, 68.0, 1814, 14.5, 23.0
738.0, -4.7, 68.6, 78, 28, 88, -4.9, 74.7, 1823, 15.4, 23.0
739.2, -4.2, 72.7, 78, 28, 88, -6.3, 90.0, 1854, 24.7, 17.0
740.4, -3.1, 88.2, 80, 28, 88, -4.2, 91.1, 1873, 24.7, 11.5
741.6, -3.4, 88.3, 81, 28, 88, -1.6, 93.0, 1916, 24.7, 11.5
742.8, -3.9, 88.6, 83, 28, 88, -1.6, 91.5, 1942, 24.7, 12.5
744.0, -5.1, 80.0, 84, 28, 88, -2.4, 88.1, 1975, 24.7, 17.0
745.2, -6.1, 68.2, 87, 28, 88, -7.0, 68.0, 2042, 21.7, 19.0
746.4, -2.3, 63.6, 88, 28, 88, -7.1, 67.5, 2041, 14.9, 25.0
747.6, -2.1, 58.4, 90, 28, 88, -7.8, 59.0, 2082, 14.6, 25.4
748.8, -0.0, 53.8, 91, 28, 88, -6.9, 55.9, 2119, 14.1, 26.5
750.0, 0.6, 47.0, 91, 28, 88, -4.7, 43.0, 2126, 11.6, 30.5
751.2, 2.3, 30.6, 92, 28, 88, -4.4, 40.4, 2137, 9.7, 35.0
752.4, 1.8, 33.9, 92, 28, 88, -3.9, 35.0, 2167, 12.5, 31.5
753.6, 0.8, 43.5, 93, 28, 88, -3.5, 41.5, 2176, 12.6, 31.3
754.8, -0.2, 44.8, 93, 28, 88, -3.1, 51.0, 2195, 13.3, 29.0
756.0, -1.6, 47.5, 94, 28, 88, -2.3, 53.4, 2201, 13.5, 29.0
757.2, -1.6, 44.4, 94, 28, 88, -2.4, 56.0, 2211, 14.1, 29.0
758.4, -1.6, 40.9, 95, 28, 88, -3.1, 48.0, 2240, 13.8, 29.0
759.6, -1.6, 45.5, 95, 28, 88, -3.1, 48.5, 2267, 13.3, 29.0
760.8, -1.0, 45.6, 95, 28, 88, -3.1, 51.0, 2267, 13.3, 29.0
762.0, 1.6, 46.3, 95, 28, 88, -3.1, 51.0, 2260, 13.3, 29.0
763.2, 0.0, 45.3, 95, 28, 88, -3.1, 51.0, 2216, 12.5, 29.3
764.4, -3.1, 42.7, 93, 28, 88, -3.1, 50.1, 2196, 12.5, 29.6
765.6, 1.4, 42.4, 92, 28, 88, -3.0, 49.0, 2158, 12.2, 30.5
766.8, 6.2, 42.0, 91, 28, 87, -2.3, 49.0, 2132, 12.3, 30.0
768.0, 3.9, 45.7, 90, 28, 87, -2.3, 51.0, 2104, 12.6, 29.0
769.2, 1.9, 50.1, 89, 28, 87, -2.3, 56.0, 2063, 13.7, 28.0
770.4, -3.1, 58.4, 88, 28, 87, -2.3, 60.4, 2065, 14.1, 26.9
771.6, -3.1, 60.2, 88, 28, 87, -2.3, 66.2, 2069, 16.1, 24.5
772.8, -3.7, 62.3, 88, 28, 87, -2.3, 68.0, 2064, 16.3, 24.3
774.0, -6.3, 64.3, 89, 28, 87, -3.3, 68.5, 2061, 16.5, 24.0
775.2, -3.7, 64.5, 89, 28, 87, -5.5, 70.0, 2068, 16.5, 23.5
776.4, 3.1, 65.5, 90, 28, 87, -6.6, 70.0, 2076, 16.5, 23.0
777.6, 1.6, 65.0, 90, 28, 87, -7.8, 70.0, 2095, 16.5, 23.0
778.8, -0.8, 63.9, 91, 28, 87, -7.0, 68.0, 2111, 16.5, 23.1
780.0, -0.8, 63.7, 92, 28, 87, -6.9, 68.0, 2133, 16.5, 23.5
781.2, -0.8, 63.5, 94, 28, 87, -6.3, 68.0, 2163, 16.5, 23.7
782.4, -0.8, 60.9, 95, 28, 87, -6.2, 67.7, 2202, 16.5, 24.5
783.6, -0.7, 57.3, 96, 28, 87, -5.5, 45.0, 2230, 14.5, 26.9
784.8, 0.8, 46.1, 96, 28, 87, -5.3, 44.7, 2260, 11.0, 32.5
786.0, 0.8, 35.7, 96, 28, 88, -4.7, 42.0, 2251, 11.0, 32.9
787.2, 0.8, 36.1, 95, 28, 88, -4.4, 42.0, 2240, 11.0, 33.5
788.4, 0.8, 39.6, 95, 28, 88, -3.9, 42.0, 2211, 11.4, 33.2
789.6, 0.8, 46.3, 94, 28, 88, -3.1, 49.2, 2212, 12.1, 33.0
790.8, -0.1, 50.7, 94, 28, 88, -3.1, 56.2, 2214, 14.1, 33.0
792.0, -0.9, 55.8, 95, 28, 88, -3.1, 64.0, 2219, 14.9, 30.8
793.2, -1.6, 59.2, 95, 28, 88, -3.5, 64.2, 2218, 16.1, 25.5
794.4, -1.4, 61.7, 95, 28, 88, -4.7, 65.0, 2209, 17.4, 24.0
795.6, -0.8, 80.8, 95, 28, 88, -3.4, 70.4, 2212, 18.9, 22.0
796.8, -0.0, 78.0, 95, 28, 87, -0.8, 87.0, 2231, 22.0, 18.5
798.0, 1.6, 69.0, 96, 28, 87, -3.3, 80.4, 2235, 21.0, 16.3
799.2, -1.4, 64.8, 96, 28, 87, -6.3, 70.0, 2242, 16.5, 24.0
800.4, -5.5, 57.3, 96, 28, 87, -7.0, 66.2, 2242, 16.0, 24.4
801.6, -4.8, 49.4, 96, 28, 87, -7.0, 61.0, 2243, 14.1, 27.0
802.8, -3.9, 34.1, 95, 28, 87, -5.9, 51.1, 2253, 13.5, 27.3
804.0, -2.8, 32.4, 95, 28, 87, -4.7, 35.0, 2277, 9.4, 36.0
805.2, -0.8, 27.8, 95, 28, 87, -4.7, 35.0, 2261, 9.3, 36.0
806.4, -1.1, 27.8, 95, 28, 87, -4.7, 35.0, 2224, 9.0, 36.0
807.6, -1.6, 27.8, 95, 28, 87, -3.9, 32.6, 2214, 8.6, 36.3
808.8, -0.8, 26.1, 95, 28, 87, -3.8, 30.0, 2198, 7.1, 38.0
810.0, -0.3, 23.8, 94, 28, 87, -3.1, 29.1, 2201, 6.8, 38.0
811.2, -3.9, 14.6, 93, 28, 87, -3.1, 30.2, 2204, 6.3, 38.0
812.4, -2.6, 16.7, 92, 28, 87, -3.1, 35.0, 2207, 7.8, 36.9
813.6, 2.3, 32.2, 91, 28, 87, -2.8, 33.3, 2189, 9.2, 35.5
814.8, 1.5, 30.3, 91, 28, 87, -2.3, 29.0, 2125, 6.7, 36.6
816.0, -0.8, 22.0, 89, 28, 87, -2.0, 28.2, 2111, 6.9, 37.5
817.2, 1.8, 22.9, 88, 28, 87, -1.5, 27.0, 2081, 7.5, 37.5
818.4, 5.5, 24.7, 87, 28, 87, -0.8, 30.1, 2071, 7.5, 37.4
819.6, 1.0, 24.9, 87, 28, 87, -0.8, 30.1, 2058, 7.5, 37.0
820.8, -1.8, 25.1, 86, 28, 87, -0.8, 31.0, 2036, 7.5, 36.6
822.0, -2.3, 25.1, 84, 28, 87, -0.5, 36.9, 2067, 8.4, 35.6
823.2, -4.0, 37.7, 84, 28, 87, -0.4, 47.0, 2161, 14.5, 27.5
824.4, -6.3, 62.0, 83, 28, 87, -7.8, 59.4, 2105, 15.7, 25.5
825.6, -4.8, 70.3, 84, 28, 87, -7.9, 71.9, 2041, 18.4, 19.0
826.8, -3.7, 76.0, 85, 28, 87, -8.6, 84.0, 2010, 19.6, 19.0
828.0, -3.1, 68.6, 87, 28, 87, -8.6, 78.2, 2023, 20.8, 19.0
829.2, -4.1, 63.0, 87, 28, 86, -8.6, 65.0, 2070, 14.9, 22.4
830.4, -6.3, 45.1, 88, 28, 87, -5.1, 51.7, 2078, 13.8, 26.5
831.6, -4.3, 38.7, 88, 28, 87, -1.6, 33.0, 2096, 6.7, 37.0
832.8, -0.8, 23.1, 86, 28, 87, -1.6, 39.1, 2137, 7.8, 36.5
834.0, -1.8, 35.6, 86, 28, 87, -1.6, 46.0, 2207, 14.1, 28.5
835.2, -3.1, 62.7, 87, 28, 87, -1.6, 60.7, 2223, 14.1, 27.5
836.4, -3.1, 55.9, 87, 28, 87, -1.7, 76.5, 2245, 14.1, 24.5
837.6, -3.0, 48.6, 88, 28, 87, -2.3, 49.0, 2201, 13.7, 26.0
838.8, -1.6, 48.6, 88, 28, 87, -2.3, 50.0, 2154, 12.9, 29.5
840.0, -1.5, 48.0, 88, 28, 87, -2.3, 56.0, 2069, 12.3, 28.7
841.2, -0.8, 40.0, 87, 28, 87, -2.3, 52.8, 2065, 11.4, 27.5
842.4, -0.0, 37.7, 86, 28, 87, -2.3, 39.0, 2021, 9.0, 31.2
843.6, 2.3, 23.1, 84, 28, 87, -2.3, 40.0, 2046, 7.1, 36.0
844.8, 1.2, 26.7, 84, 28, 87, -2.3, 42.0, 2118, 11.8, 33.7
846.0, -0.8, 36.1, 83, 28, 87, -2.7, 34.0, 2036, 10.4, 31.7
847.2, -4.4, 29.5, 82, 28, 87, -3.1, 23.0, 1871, 1.6, 36.5
848.4, -9.4, 17.3, 81, 28, 87, -3.9, 22.5, 1853, 2.3, 36.4
849.6, -5.6, 17.3, 81, 28, 87, -3.7, 21.9, 1831, 4.3, 36.0
850.8, -5.0, 17.4, 80, 28, 87, -3.1, 21.0, 1783, 2.4, 33.7
852.0, -11.7, 18.0, 79, 28, 87, -2.6, 23.8, 1779, 1.0, 30.5
853.2, -7.7, 20.7, 79, 28, 87, -1.6, 30.0, 1851, 6.7, 35.5
854.4, -0.0, 28.2, 77, 28, 87, -2.8, 30.9, 1845, 6.4, 35.6
855.6, -4.0, 25.4, 76, 28, 87, -3.8, 32.0, 1834, 5.5, 36.0
856.8, -8.6, 21.2, 75, 28, 87, -1.6, 28.3, 1769, 4.4, 35.8
858.0, -6.8, 24.3, 74, 28, 87, -1.8, 27.2, 1696, 2.0, 35.0
859.2, -5.2, 30.2, 73, 28, 87, -2.3, 43.0, 1917, 7.5, 32.0
860.4, -3.9, 49.4, 73, 28, 87, -2.3, 47.0, 1872, 11.9, 28.0
861.6, -3.6, 48.5, 73, 28, 87, -2.6, 52.0, 1785, 10.2, 28.0
862.8, -3.1, 46.7, 73, 28, 87, -6.3, 54.0, 1768, 10.5, 27.5
864.0, -1.6, 48.0, 73, 28, 87, -6.3, 54.0, 1746, 11.4, 25.5
865.2, -0.1, 49.8, 74, 28, 87, -6.3, 55.1, 1755, 11.3, 25.6
866.4, -1.6, 49.8, 74, 28, 87, -6.3, 56.4, 1765, 11.0, 26.0
867.6, -1.2, 50.8, 75, 28, 87, -6.3, 60.0, 1808, 12.4, 24.8
868.8, 0.8, 58.8, 76, 28, 87, -6.3, 61.6, 1807, 14.1, 23.0
870.0, -0.1, 59.5, 76, 28, 87, -6.3, 66.0, 1807, 14.5, 23.0
871.2, -1.6, 61.2, 78, 28, 87, -6.3, 66.4, 1815, 14.6, 23.0
872.4, -2.3, 61.9, 78, 28, 87, -6.3, 67.0, 1829, 14.9, 23.0
873.6, -3.1, 63.1, 79, 28, 87, -6.3, 67.0, 1837, 14.9, 23.1
874.8, -1.9, 63.4, 79, 28, 87, -6.3, 67.0, 1850, 14.9, 23.5
876.0, -0.4, 63.9, 80, 28, 87, -6.3, 68.0, 1865, 14.9, 23.5
877.2, 4.7, 61.1, 80, 28, 87, -5.8, 66.3, 1881, 14.9, 23.5
878.4, 3.7, 56.9, 81, 28, 87, -3.9, 53.0, 1904, 12.9, 25.5
879.6, -1.6, 37.3, 80, 28, 87, -3.6, 49.9, 1899, 10.2, 29.5
880.8, -0.1, 38.2, 80, 28, 88, -3.1, 40.0, 1880, 11.0, 30.0
882.0, 4.7, 43.1, 80, 28, 88, -3.1, 44.7, 1881, 9.8, 30.6
883.2, 1.8, 34.6, 80, 28, 88, -3.1, 52.0, 1883, 2.4, 32.5
884.4, -3.1, 16.1, 79, 28, 88, -3.9, 35.7, 1788, 1.7, 31.9
885.6, -5.1, 16.1, 78, 28, 88, -4.2, 21.0, 1673, 0.0, 30.0
886.8, -5.4, 16.3, 76, 28, 88, -5.5, 21.0, 1597, 0.0, 29.6
888.0, -2.3, 17.3, 73, 28, 88, -4.4, 22.1, 1605, 0.1, 29.0
889.2, -2.5, 17.6, 73, 28, 88, -2.3, 25.0, 1644, 3.9, 31.5
890.4, -3.1, 18.8, 70, 28, 88, -4.1, 24.3, 1551, 3.4, 32.9
891.6, 0.2, 18.7, 69, 28, 88, -6.3, 23.0, 1288, 0.0, 3.5
892.8, 7.0, 18.4, 66, 28, 88, 1.6, 26.4, 1379, 0.7, 4.0
894.0, 6.7, 25.9, 66, 28, 88, 1.6, 32.0, 1635, 9.0, 30.5
895.2, 6.3, 43.1, 65, 28, 88, -2.3, 36.4, 1646, 7.0, 30.5
896.4, -1.3, 43.1, 65, 28, 88, -2.4, 42.0, 1664, 0.0, 30.5
897.6, -10.2, 43.1, 65, 28, 88, -5.5, 33.7, 1477, 1.8, 30.4
898.8, -2.2, 43.1, 64, 28, 88, -5.2, 25.4, 1205, 6.3, 30.0
900.0, 7.0, 43.1, 62, 28, 88, -2.3, 82.0, 1405, 9.5, 27.0
901.2, -0.6, 43.1, 63, 28, 88, -2.3, 82.0, 1700, 18.8, 13.0
902.4, -8.5, 43.1, 65, 28, 88, -2.8, 84.7, 1632, 18.7, 12.6
903.6, 0.8, 60.3, 66, 28, 88, -3.3, 86.3, 1554, 18.4, 11.5
904.8, -0.1, 77.7, 68, 28, 88, -3.9, 82.0, 1599, 18.2, 12.0
906.0, -5.5, 78.4, 69, 28, 88, -4.1, 82.5, 1609, 18.0, 13.0
907.2, -5.1, 78.3, 70, 28, 88, -4.7, 84.0, 1661, 18.0, 13.0
908.4, -3.9, 77.6, 73, 28, 88, -5.0, 83.0, 1670, 17.9, 13.0
909.6, -4.3, 77.0, 73, 28, 88, -5.5, 80.0, 1709, 16.9, 14.0
910.8, -5.5, 74.5, 74, 27, 88, -5.8, 80.0, 1712, 16.9, 14.0
912.0, -3.7, 74.4, 74, 27, 88, -6.3, 80.0, 1737, 17.3, 14.4
913.2, 1.6, 73.7, 75, 27, 88, -6.3, 77.0, 1737, 17.1, 15.0
914.4, 1.6, 67.7, 75, 27, 88, -6.3, 69.0, 1740, 13.3, 19.4
915.6, 1.6, 49.8, 75, 27, 88, -5.9, 69.0, 1752, 11.8, 24.2
916.8, -2.2, 39.3, 75, 27, 88, -5.2, 69.0, 1776, 6.7, 32.5
918.0, -6.3, 24.3, 74, 27, 88, -3.1, 45.9, 1776, 5.7, 32.9
919.2, -6.3, 24.3, 73, 27, 88, -3.4, 26.2, 1776, 2.7, 35.0
920.4, -6.3, 24.3, 71, 28, 88, -4.7, 28.1, 1714, 3.9, 34.8
921.6, -0.6, 28.6, 70, 28, 88, -4.6, 29.4, 1659, 6.3, 34.0
922.8, 3.9, 33.7, 69, 28, 88, -3.9, 41.0, 1782, 7.3, 33.2
924.0, 3.9, 33.7, 69, 28, 88, -3.9, 39.8, 1770, 8.6, 31.5
925.2, 2.9, 32.0, 69, 28, 88, -3.9, 35.0, 1685, 5.9, 32.6
926.4, -0.0, 24.3, 69, 28, 88, -3.9, 30.8, 1646, 4.7, 32.7
927.6, 0.0, 21.4, 69, 28, 88, -4.0, 24.0, 1563, 0.0, 28.0
928.8, 0.1, 17.3, 68, 28, 88, -5.5, 23.5, 1563, 0.0, 23.3
930.0, 12.5, 17.8, 67, 28, 88, -5.4, 23.0, 1563, 0.0, 4.0
931.2, 12.5, 18.4, 66, 28, 88, -4.7, 23.1, 1437, 0.0, 3.8
932.4, 8.6, 18.6, 66, 28, 88, -4.7, 23.5, 1303, 0.0, 3.0
933.6, 8.8, 23.8, 65, 28, 88, -4.7, 26.0, 1455, 1.5, 13.9
934.8, 10.2, 70.2, 63, 28, 88, -4.4, 42.4, 1641, 3.5, 32.5
936.0, 7.0, 70.2, 63, 28, 88, -3.9, 85.0, 2551, 16.3, 24.5
937.2, -3.9, 70.2, 67, 28, 88, -4.6, 83.6, 2535, 25.4, 16.0
938.4, -2.9, 72.4, 67, 28, 88, -5.5, 81.0, 2489, 22.4, 16.0
939.6, -0.8, 80.4, 70, 28, 88, -5.9, 82.8, 2489, 22.9, 16.0
940.8, -0.8, 79.6, 71, 28, 88, -6.3, 86.0, 2489, 25.9, 16.5
942.0, -0.8, 77.6, 74, 28, 88, -6.3, 80.9, 2465, 25.2, 16.5
943.2, -2.2, 77.6, 74, 28, 87, -6.3, 71.0, 2388, 18.0, 23.0
944.4, -4.7, 77.6, 75, 27, 87, -6.7, 75.2, 2321, 18.6, 22.1
945.6, -0.3, 79.3, 75, 27, 87, -7.0, 81.1, 2178, 21.2, 15.5
946.8, 3.1, 78.6, 76, 27, 87, -7.0, 84.0, 1960, 17.5, 17.6
948.0, 3.1, 53.3, 77, 27, 87, -7.0, 82.9, 1789, 11.8, 22.0
949.2, 3.1, 56.0, 77, 27, 87, -7.0, 77.0, 2010, 14.6, 20.0
950.4, 3.1, 75.3, 77, 27, 87, -7.0, 78.1, 2003, 18.0, 16.5
951.6, 2.8, 76.2, 77, 27, 87, -7.0, 83.0, 1889, 20.8, 15.1
952.8, -0.0, 93.6, 79, 27, 87, -5.6, 85.2, 1888, 26.3, 11.5
954.0, -0.0, 93.7, 79, 27, 87, -0.8, 96.0, 1887, 26.8, 11.5
955.2, -0.7, 93.4, 79, 27, 87, -0.8, 96.0, 1886, 32.5, 11.5
956.4, -2.3, 92.5, 82, 27, 88, -0.8, 94.4, 1892, 31.8, 11.5
957.6, -1.6, 88.0, 82, 27, 88, -0.8, 91.0, 1911, 20.8, 12.6
958.8, -0.0, 74.9, 83, 27, 88, -6.3, 84.0, 1922, 20.9, 13.5
960.0, 1.3, 77.5, 83, 27, 88, -6.3, 76.1, 1940, 21.2, 14.0
961.2, 3.1, 82.0, 83, 27, 88, -6.3, 79.0, 1953, 20.3, 14.6
962.4, -1.8, 78.9, 83, 27, 88, -5.9, 78.3, 1969, 18.4, 17.0
963.6, -6.8, 74.5, 84, 27, 88, -2.3, 49.0, 2035, 13.8, 22.2
964.8, -1.6, 50.3, 84, 27, 88, -2.7, 45.4, 2091, 5.9, 36.0
966.0, -2.2, 26.4, 83, 27, 88, -3.9, 23.0, 1850, 3.3, 34.5
967.2, -4.7, 15.3, 82, 27, 88, -4.2, 22.3, 1827, 0.0, 32.0
968.4, -5.9, 15.7, 81, 27, 88, -4.7, 20.0, 1691, 0.2, 31.0
969.6, -8.6, 17.3, 78, 27, 88, -4.4, 21.7, 1719, 1.0, 30.3
970.8, -4.6, 18.4, 78, 27, 88, -3.9, 25.0, 1802, 4.7, 36.0
972.0, 2.3, 20.8, 78, 27, 88, -4.3, 24.5, 1787, 4.4, 36.0
973.2, 0.3, 20.1, 78, 27, 88, -4.8, 24.0, 1763, 3.1, 36.0
974.4, -1.5, 19.2, 78, 28, 88, -5.5, 24.0, 1764, 3.1, 36.0
975.6, -0.0, 19.2, 78, 28, 88, -5.5, 24.0, 1766, 3.1, 36.0
976.8, -0.7, 19.1, 79, 28, 88, -5.5, 24.0, 1799, 2.9, 36.0
978.0, -5.5, 17.6, 79, 28, 88, -5.5, 23.4, 1793, 2.7, 36.0
979.2, -4.5, 17.3, 80, 28, 88, -5.5, 21.0, 1760, 1.3, 33.8
980.4, -0.0, 15.3, 81, 28, 88, -5.8, 20.7, 1752, 0.0, 31.0
981.6, -0.3, 15.3, 81, 28, 88, -6.3, 20.0, 1728, 0.0, 30.5
982.8, -0.8, 15.3, 81, 28, 88, -6.3, 20.0, 1737, 0.0, 30.6
984.0, -1.5, 15.3, 81, 28, 88, -6.3, 20.0, 1754, 0.0, 31.0
985.2, -2.3, 15.3, 81, 28, 87, -6.3, 20.0, 1727, 0.2, 31.2
986.4, -1.7, 17.6, 80, 28, 87, -6.3, 20.0, 1669, 1.2, 32.5
987.6, -0.8, 22.0, 78, 28, 87, -5.9, 21.4, 1687, 1.1, 32.5
988.8, -1.7, 20.2, 77, 28, 87, -5.5, 24.0, 1747, 0.0, 31.9
990.0, -3.1, 16.1, 75, 28, 87, -7.0, 22.4, 1682, 0.0, 30.9
991.2, -2.7, 15.9, 74, 28, 87, -7.0, 21.0, 1593, 0.0, 28.5
992.4, -1.8, 15.7, 73, 28, 87, -7.0, 21.1, 1557, 0.0, 25.6
993.6, 7.8, 19.7, 72, 28, 87, -6.7, 21.7, 1559, 0.0, 18.0
994.8, 7.7, 19.7, 70, 28, 87, -5.5, 26.1, 1589, 2.9, 22.2
996.0, 6.3, 34.5, 69, 28, 87, -5.5, 27.6, 1593, 7.8, 32.5
997.2, 5.0, 34.5, 68, 28, 87, -5.5, 41.0, 1728, 5.8, 32.2
998.4, -10.2, 19.3, 68, 28, 87, -5.8, 38.4, 1704, 2.4, 31.5
999.6, -8.7, 19.6, 67, 28, 87, -7.0, 23.0, 1281, 1.3, 20.9
1000.8, 0.8, 25.9, 66, 28, 87, -6.5, 27.2, 1359, 0.5, 3.0
1002.0, 0.1, 35.8, 65, 28, 87, -5.5, 39.0, 1676, 12.2, 14.2
1003.2, -1.6, 68.6, 67, 28, 87, -6.6, 53.9, 1692, 12.9, 25.4
1004.4, -3.5, 70.5, 68, 28, 87, -7.8, 78.0, 1728, 16.9, 14.0
1005.6, -6.2, 74.5, 71, 28, 87, -7.8, 81.7, 1732, 17.7, 13.7
1006.8, 1.6, 78.5, 73, 28, 87, -7.8, 85.3, 1742, 20.0, 12.5
1008.0, 1.8, 82.7, 75, 28, 87, -7.8, 87.0, 1806, 20.5, 12.5
1009.2, 3.1, 82.7, 80, 28, 87, -7.8, 84.9, 1818, 21.0, 12.5
1010.4, 1.5, 78.5, 80, 28, 87, -7.8, 77.0, 1887, 16.1, 16.5
1011.6, -3.1, 51.8, 84, 27, 87, -5.9, 68.0, 1923, 16.1, 21.0
1012.8, -1.2, 60.7, 85, 27, 87, -3.1, 50.0, 2017, 16.5, 23.0
1014.0, 2.3, 83.5, 87, 27, 87, -4.4, 69.3, 2100, 19.5, 23.1
1015.2, 0.8, 85.4, 88, 27, 87, -5.8, 90.6, 2231, 30.2, 13.5
1016.4, -1.0, 88.0, 91, 27, 87, -8.6, 59.0, 2188, 24.7, 17.0
1017.6, -3.1, 32.6, 91, 27, 87, -8.2, 59.0, 2127, 11.4, 29.5
1018.8, -3.1, 32.5, 92, 27, 88, -3.9, 45.1, 2138, 10.5, 30.4
1020.0, -0.2, 29.7, 91, 27, 88, -3.8, 30.0, 2155, 6.7, 38.0
1021.2, 3.1, 25.1, 90, 27, 88, -3.1, 30.0, 2126, 6.3, 37.9
1022.4, 2.3, 20.9, 89, 27, 88, -4.1, 27.3, 2075, 5.5, 37.5
1023.6, 1.2, 17.5, 88, 27, 88, -6.3, 18.0, 1910, 2.8, 35.5
1024.8, -2.3, 15.3, 85, 27, 88, -6.0, 19.7, 1919, 0.1, 32.5
1026.0, -0.8, 16.5, 85, 27, 88, -5.5, 24.0, 1956, 2.0, 34.5
1027.2, 3.9, 23.5, 84, 27, 88, -4.5, 29.1, 1993, 2.0, 37.0
1028.4, 2.8, 26.1, 84, 28, 87, -2.3, 45.0, 2182, 7.3, 33.8
1029.6, -1.6, 53.7, 85, 28, 87, -4.7, 49.7, 2177, 13.3, 29.5
1030.8, -1.1, 58.6, 85, 28, 87, -9.4, 64.0, 2146, 12.8, 27.7
1032.0, -0.0, 75.3, 87, 28, 87, -7.4, 70.1, 2131, 13.5, 25.3
1033.2, -0.8, 65.9, 88, 28, 87, -5.3, 77.2, 2105, 18.4, 19.5
1034.4, -1.7, 52.5, 89, 28, 87, -3.9, 57.0, 2094, 18.4, 21.0
1035.6, -3.9, 55.1, 89, 28, 87, -4.5, 57.1, 2081, 18.4, 25.0
1036.8, -4.2, 58.0, 89, 27, 87, -10.9, 70.0, 2138, 50.1, 23.9
1038.0, -7.0, 50.2, 90, 27, 87, -9.7, 67.5, 2192, 18.8, 21.0
1039.2, -6.8, 41.6, 91, 27, 87, -3.9, 47.0, 2159, 16.9, 21.0
1040.4, -0.0, 44.5, 91, 27, 87, -4.7, 48.2, 2159, 13.3, 21.0
1041.6, 0.5, 47.8, 90, 27, 87, -10.2, 76.0, 2222, 15.8, 20.4
1042.8, 7.0, 72.5, 90, 27, 87, -10.0, 76.5, 2283, 20.0, 19.0
1044.0, 4.3, 69.6, 90, 27, 87, -9.4, 79.0, 2129, 18.2, 19.7
1045.2, -3.1, 58.0, 90, 27, 87, -9.0, 71.2, 2118, 16.3, 20.6
1046.4, -0.4, 62.4, 90, 27, 87, -8.6, 60.4, 2096, 14.5, 25.5
1047.6, 3.1, 70.2, 90, 27, 87, -7.8, 80.0, 2172, 15.7, 23.7
1048.8, -0.0, 66.7, 91, 27, 87, -7.6, 80.0, 2263, 18.0, 19.5
1050.0, -0.2, 61.0, 92, 27, 87, -3.9, 65.7, 2190, 15.9, 22.6
1051.2, -1.6, 34.1, 91, 27, 87, -3.7, 50.4, 2126, 12.9, 28.5
1052.4, -0.5, 34.6, 91, 27, 87, -3.1, 29.0, 2135, 7.1, 32.9
1053.6, 2.3, 36.1, 90, 27, 87, -4.7, 42.0, 2170, 7.1, 37.8
1054.8, -0.1, 41.6, 91, 27, 87, -7.0, 68.0, 2281, 7.1, 23.0
1056.0, -4.7, 57.6, 93, 27, 88, -7.4, 63.3, 2262, 7.6, 23.1
1057.2, -3.0, 51.3, 94, 27, 88, -7.2, 56.2, 2220, 13.7, 28.0
1058.4, -0.8, 38.4, 95, 27, 88, -2.3, 40.0, 2282, 15.9, 26.1
1059.6, -0.0, 32.7, 96, 27, 88, -2.9, 37.9, 2346, 21.2, 20.0
1060.8, 0.1, 26.3, 97, 27, 87, -6.3, 18.1, 2121, 12.9, 24.4
1062.0, 1.6, 12.5, 95, 27, 87, -6.5, 18.0, 2092, 0.0, 34.0
1063.2, 1.8, 16.2, 94, 27, 87, -7.0, 18.0, 1892, 2.0, 15.6
1064.4, 2.2, 28.6, 92, 27, 87, -6.6, 39.7, 2128, 5.3, 4.5
1065.6, -4.7, 44.4, 92, 27, 87, -6.7, 60.7, 2435, 16.5, 25.5
1066.8, -4.7, 58.2, 93, 27, 87, -7.8, 59.0, 2191, 15.4, 26.1
1068.0, -4.7, 51.8, 95, 27, 87, -6.1, 56.1, 2191, 14.0, 27.0
1069.2, -2.4, 48.8, 95, 27, 87, -3.1, 49.0, 2191, 10.6, 30.0
1070.4, 4.7, 34.9, 94, 27, 87, -3.1, 46.0, 2189, 10.5, 33.5
1071.6, 4.5, 33.0, 94, 27, 87, -3.1, 38.0, 2181, 8.6, 35.4
1072.8, 3.9, 26.7, 93, 27, 87, -3.1, 33.6, 2172, 7.9, 37.1
1074.0, -0.1, 22.5, 92, 27, 87, -3.1, 26.0, 2148, 3.9, 38.0
1075.2, -5.5, 14.1, 90, 27, 87, -4.8, 22.3, 2148, 3.0, 33.5
1076.4, 1.6, 18.9, 89, 27, 87, -6.0, 18.0, 2148, 0.0, 13.0
1077.6, 1.6, 27.5, 87, 28, 87, -2.3, 40.1, 2131, 0.0, 15.8
1078.8, 2.1, 29.7, 86, 28, 87, -2.3, 40.0, 2099, 0.0, 34.0
1080.0, 3.1, 36.1, 83, 28, 87, -2.3, 42.2, 2056, 1.4, 34.0
1081.2, 1.8, 37.6, 83, 28, 87, -2.3, 46.0, 1952, 11.0, 34.0
1082.4, -0.8, 42.0, 82, 28, 87, -3.0, 51.8, 1950, 11.3, 34.0
1083.6, -3.2, 45.6, 82, 28, 87, -3.9, 62.0, 1945, 12.9, 29.1
1084.8, -7.0, 52.9, 82, 28, 87, -4.8, 60.6, 1943, 13.0, 25.5
1086.0, -5.1, 45.6, 82, 28, 87, -5.6, 57.5, 1940, 13.3, 25.5
1087.2, -3.1, 35.3, 82, 28, 87, -6.3, 21.1, 1869, 9.7, 26.6
1088.4, -4.7, 26.8, 81, 28, 87, -6.3, 21.0, 1782, 0.0, 31.0
1089.6, -6.3, 15.7, 79, 28, 87, -6.3, 21.1, 1716, 0.0, 30.7
1090.8, -2.4, 16.1, 78, 28, 87, -6.3, 21.0, 1641, 0.0, 29.5
1092.0, 0.7, 16.6, 77, 28, 87, -6.3, 21.1, 1623, 0.0, 29.4
1093.2, -0.0, 27.5, 77, 28, 87, -6.3, 23.4, 1604, 0.0, 29.0
1094.4, -0.4, 27.3, 77, 28, 87, -6.3, 45.0, 1716, 0.0, 29.8
1095.6, -4.7, 17.6, 76, 28, 87, -7.0, 40.2, 1791, 0.0, 31.5
1096.8, -1.7, 24.2, 75, 28, 87, -8.6, 21.0, 1587, 0.7, 31.5
1098.0, 7.0, 56.5, 75, 28, 87, -6.3, 24.1, 1637, 1.0, 31.4
1099.2, 0.1, 45.2, 75, 28, 87, -3.1, 30.0, 1761, 0.0, 30.5
1100.4, -11.7, 16.9, 74, 28, 87, -8.6, 26.6, 1683, 0.7, 30.9
1101.6, -3.2, 21.7, 74, 28, 87, -8.6, 22.0, 1541, 4.3, 35.0
1102.8, 8.6, 30.6, 73, 28, 87, -7.1, 41.2, 1783, 6.4, 33.2
1104.0, 1.0, 43.6, 74, 28, 87, -6.5, 57.6, 2031, 12.9, 23.5
1105.2, -6.6, 59.2, 76, 28, 87, -7.0, 66.0, 1800, 13.0, 23.5
1106.4, -13.3, 47.9, 77, 28, 87, -7.2, 63.5, 1805, 13.3, 23.5
1107.6, -12.3, 34.5, 78, 28, 87, -7.8, 45.0, 1986, 13.9, 23.8
1108.8, 4.7, 60.5, 78, 28, 87, -7.5, 47.5, 1985, 14.9, 24.5
1110.0, 4.7, 92.2, 79, 28, 87, -5.5, 97.0, 2554, 27.7, 23.0
1111.2, 4.7, 95.7, 82, 28, 87, -5.1, 96.9, 3165, 58.4, 17.5
1112.4, 4.6, 100.0, 86, 27, 87, -3.1, 96.0, 3476, 57.5, 18.1
1113.6, -7.8, 100.0, 90, 27, 87, -4.0, 89.2, 3435, 56.1, 19.5
1114.8, -10.1, 91.5, 94, 27, 87, -7.0, 56.0, 3096, 35.6, 21.6
1116.0, -17.2, 29.0, 97, 27, 87, -7.7, 43.6, 2854, 15.0, 24.2
1117.2, -11.8, 24.5, 96, 27, 87, -8.6, 19.0, 2096, 0.0, 34.0
1118.4, -3.8, 15.7, 94, 27, 87, -5.6, 19.5, 2010, 0.0, 26.2
1119.6, -0.0, 15.9, 92, 27, 87, -4.9, 21.0, 1903, 0.0, 0.0
1120.8, 0.5, 16.1, 90, 27, 87, -8.6, 27.0, 2038, 0.0, 11.0
1122.0, 5.5, 14.6, 89, 27, 87, -8.6, 25.4, 2021, 0.0, 34.5
1123.2, 4.8, 14.5, 87, 27, 87, -8.6, 19.0, 1851, 0.0, 19.9
1124.4, 1.6, 25.9, 83, 27, 87, -6.5, 20.6, 1851, 0.2, 0.2
1125.6, 0.9, 24.4, 83, 27, 87, -3.1, 24.0, 1851, 2.4, 37.0
1126.8, -0.8, 18.4, 80, 28, 87, -3.4, 24.0, 1842, 3.6, 37.0
1128.0, 0.5, 28.3, 80, 28, 88, -3.9, 24.0, 1807, 14.5, 27.5
1129.2, 3.1, 62.7, 80, 28, 88, -5.1, 40.7, 1845, 13.7, 27.3
1130.4, -7.3, 51.9, 80, 28, 88, -6.4, 64.0, 1915, 10.2, 26.0
1131.6, -18.1, 34.5, 81, 28, 88, -8.6, 59.8, 2041, 12.0, 25.5
1132.8, -5.5, 47.0, 81, 28, 88, -8.6, 57.6, 2210, 17.3, 23.5
1134.0, -5.5, 59.2, 80, 28, 87, -8.6, 74.0, 2480, 18.5, 22.5
1135.2, -5.5, 60.0, 80, 28, 87, -8.6, 66.4, 2401, 20.4, 20.5
1136.4, -3.8, 59.3, 80, 27, 87, -8.6, 38.0, 1930, 16.4, 24.3
1137.6, 5.5, 51.8, 79, 27, 87, -8.6, 41.6, 1954, 11.4, 30.5
1138.8, 5.1, 53.8, 78, 27, 87, -8.6, 57.0, 2175, 14.9, 30.5
1140.0, 2.3, 78.0, 80, 27, 87, -8.6, 62.4, 2152, 20.8, 30.5
1141.2, 2.3, 78.0, 80, 27, 87, -8.6, 86.0, 1951, 21.3, 27.7
1142.4, 3.9, 83.1, 81, 27, 87, -8.6, 86.0, 1950, 22.7, 12.5
1143.6, 3.9, 91.4, 84, 27, 87, -4.0, 89.6, 1966, 23.6, 12.5
1144.8, 1.5, 90.1, 85, 27, 87, 0.0, 94.0, 1997, 27.8, 13.0
1146.0, -1.6, 87.8, 88, 27, 87, -0.0, 88.8, 2031, 26.1, 13.4
1147.2, -0.8, 78.8, 89, 27, 87, -0.8, 77.9, 2074, 21.6, 15.0
1148.4, -0.5, 66.2, 90, 27, 87, -3.9, 35.0, 2160, 13.9, 23.2
1149.6, 1.6, 18.8, 88, 27, 87, -3.9, 34.3, 2147, 3.9, 37.5
1150.8, 1.4, 18.5, 88, 27, 87, -3.9, 32.0, 2087, 7.2, 36.4
1152.0, 0.8, 16.1, 86, 27, 87, -5.6, 28.0, 2033, 9.7, 35.0
1153.2, 0.3, 15.7, 86, 27, 88, -8.6, 19.0, 1863, 0.0, 33.2
1154.4, -0.8, 14.5, 83, 27, 88, -8.6, 19.0, 1823, 0.1, 31.4
1155.6, -1.5, 16.9, 82, 27, 88, -8.4, 19.0, 1754, 0.4, 31.0
1156.8, -2.3, 20.4, 80, 28, 88, -5.5, 25.0, 1792, 2.1, 32.2
1158.0, -0.1, 25.1, 79, 28, 88, -5.8, 27.6, 1841, 5.9, 36.0
1159.2, 1.0, 29.5, 78, 28, 88, -7.0, 45.0, 1979, 8.0, 33.6
1160.4, -3.1, 25.1, 78, 28, 88, -6.0, 40.7, 1953, 11.0, 29.0
1161.6, -1.5, 26.0, 78, 28, 88, -3.9, 26.0, 1779, 9.7, 30.7
1162.8, 6.3, 35.3, 77, 28, 88, -4.8, 31.4, 1779, 7.8, 34.0
1164.0, 3.9, 34.6, 76, 28, 88, -6.3, 43.0, 1779, 6.9, 33.8
1165.2, -8.6, 26.7, 75, 28, 87, -5.2, 38.0, 1776, 5.6, 33.7
1166.4, -7.5, 25.4, 74, 28, 87, -4.0, 31.0, 1770, 4.3, 35.5
1167.6, -6.4, 23.1, 73, 28, 87, -5.5, 29.0, 1748, 4.3, 35.4
1168.8, -7.0, 22.4, 72, 28, 87, -6.6, 27.6, 1708, 4.3, 35.0
1170.0, -7.0, 21.4, 71, 28, 87, -8.6, 23.0, 1589, 4.3, 25.3
1171.2, -7.0, 18.8, 68, 28, 87, -8.6, 23.0, 1589, 3.4, 15.1
1172.4, -0.6, 18.9, 67, 28, 87, -8.6, 23.0, 1589, 0.0, 3.0
1173.6, 7.8, 19.2, 64, 28, 87, -8.6, 23.9, 1465, 1.7, 7.3
1174.8, 8.2, 19.2, 64, 28, 87, -8.4, 25.0, 1240, 7.8, 27.5
1176.0, 8.6, 19.2, 64, 28, 87, -3.9, 39.6, 1364, 7.8, 27.6
1177.2, -0.2, 21.4, 64, 28, 87, -4.1, 54.0, 1526, 7.8, 28.0
1178.4, -7.2, 24.3, 65, 28, 87, -5.5, 54.0, 1497, 5.4, 29.7
1179.6, -2.3, 23.1, 65, 28, 87, -5.5, 50.0, 1498, 1.6, 33.5
1180.8, -0.8, 23.1, 65, 28, 87, -5.5, 28.0, 1521, 2.5, 33.8
1182.0, 3.1, 23.1, 65, 28, 87, -5.5, 27.5, 1518, 3.1, 34.0
1183.2, 3.9, 25.1, 65, 28, 87, -5.5, 28.1, 1514, 3.1, 34.0
1184.4, 4.4, 27.6, 65, 28, 87, -5.5, 34.0, 1600, 4.6, 33.6
1185.6, 1.6, 29.8, 65, 28, 87, -5.5, 32.7, 1592, 6.2, 33.0
1186.8, 1.6, 29.2, 65, 28, 87, -5.5, 30.0, 1568, 4.3, 34.0
1188.0, 1.6, 27.5, 65, 28, 87, -4.7, 39.1, 1669, 5.9, 33.0
1189.2, -2.0, 32.4, 66, 28, 87, -4.1, 52.0, 1859, 11.4, 28.5
1190.4, -6.3, 40.8, 68, 28, 87, -7.8, 64.2, 1850, 13.1, 25.8
1191.6, -8.8, 59.5, 69, 28, 87, -6.7, 73.4, 1838, 17.3, 16.0
1192.8, -10.2, 73.7, 71, 28, 87, -3.1, 61.0, 1687, 11.3, 21.3
1194.0, -10.2, 73.7, 72, 28, 87, -4.1, 48.2, 1674, 4.6, 29.0
1195.2, -7.2, 60.8, 72, 28, 87, -5.5, 25.0, 1639, 0.0, 29.0
1196.4, -0.8, 16.9, 71, 28, 87, -7.1, 24.2, 1526, 0.0, 28.0
1197.6, -0.8, 19.1, 70, 28, 87, -8.5, 23.0, 1324, 0.0, 18.5
1198.8, -0.8, 23.5, 68, 28, 87, -5.5, 26.4, 1425, 0.9, 21.1
1200.0, 0.9, 25.0, 67, 28, 87, -5.3, 30.0, 1593, 3.9, 34.0
1201.2, 3.1, 27.5, 65, 28, 87, -3.1, 38.7, 1663, 6.0, 32.7
1202.4, 0.1, 41.1, 65, 28, 87, -3.1, 48.0, 1789, 13.7, 23.0
1203.6, -3.9, 64.7, 66, 28, 88, -3.9, 58.7, 1704, 13.6, 22.7
1204.8, -5.9, 62.5, 66, 28, 88, -3.9, 71.0, 1558, 13.3, 20.5
1206.0, -8.6, 58.4, 67, 28, 88, -4.7, 67.1, 1567, 12.9, 20.7
1207.2, -4.3, 56.3, 67, 28, 88, -4.7, 63.1, 1581, 11.8, 22.0
1208.4, 0.8, 52.5, 67, 28, 88, -4.7, 67.0, 1585, 11.6, 22.6
1209.6, 2.3, 53.4, 67, 28, 88, -4.7, 67.0, 1589, 11.0, 25.0
1210.8, 1.9, 54.2, 68, 28, 88, -4.7, 67.0, 1613, 11.3, 24.4
1212.0, -3.9, 23.5, 68, 28, 88, -5.4, 62.1, 1640, 12.2, 22.0
1213.2, -3.4, 23.5, 68, 28, 88, -8.6, 23.0, 1326, 7.7, 16.0
1214.4, 0.8, 21.1, 66, 28, 88, -7.9, 23.7, 1341, 0.0, 3.0
1215.6, 0.7, 19.4, 64, 28, 88, -5.5, 28.0, 1521, 2.5, 13.3
1216.8, -0.0, 21.6, 63, 28, 88, -5.3, 27.4, 1510, 5.9, 32.5
1218.0, 1.8, 22.6, 63, 28, 88, -4.7, 25.0, 1438, 4.3, 32.5
1219.2, 8.6, 28.6, 61, 28, 88, -4.4, 27.8, 1458, 2.4, 32.5
1220.4, 7.4, 33.7, 61, 28, 88, -3.9, 36.0, 1565, 6.8, 29.2
1221.6, 3.1, 66.3, 63, 28, 88, -4.2, 44.8, 1608, 10.6, 25.0
1222.8, -1.0, 59.6, 63, 28, 88, -4.7, 66.0, 1772, 1.6, 27.5
1224.0, -12.5, 28.6, 65, 28, 88, -6.1, 52.9, 1706, 1.4, 29.9
1225.2, -7.4, 25.1, 65, 28, 88, -7.8, 29.0, 1538, 0.0, 28.0
1226.4, -0.2, 19.2, 65, 28, 88, -7.8, 26.3, 1402, 0.0, 22.4
1227.6, 9.4, 19.2, 65, 28, 88, -7.8, 24.0, 1260, 0.0, 3.0
1228.8, 8.9, 19.2, 65, 28, 88, -7.8, 24.0, 1261, 0.0, 3.0
1230.0, 3.9, 19.6, 62, 28, 88, -7.6, 24.2, 1257, 0.0, 3.0
1231.2, 3.9, 19.6, 62, 28, 88, -7.0, 25.0, 1142, 0.0, 2.8
1232.4, 4.7, 20.5, 61, 28, 88, -7.0, 25.0, 1141, 0.0, 2.0
1233.6, 5.4, 21.2, 59, 28, 88, -7.0, 25.0, 1137, 0.0, 1.8
1234.8, 7.8, 21.2, 57, 28, 88, -3.3, 26.2, 1185, 0.3, 1.5
1236.0, 7.0, 21.4, 57, 28, 88, 2.3, 29.0, 1367, 7.1, 15.2
1237.2, 4.7, 22.4, 55, 28, 88, -1.3, 27.9, 1304, 6.3, 29.6
1238.4, 3.2, 24.4, 54, 28, 88, -6.2, 26.0, 1136, 0.0, 2.5
1239.6, 0.8, 29.4, 52, 28, 88, 2.3, 34.6, 1258, 2.1, 2.5
1240.8, -0.3, 29.7, 51, 28, 88, 1.6, 43.7, 1440, 7.8, 2.5
1242.0, -1.6, 30.2, 50, 28, 88, -4.7, 57.0, 1595, 7.8, 6.8
1243.2, -6.6, 34.1, 50, 28, 88, -4.9, 57.2, 1776, 7.8, 26.5
1244.4, -11.6, 39.6, 50, 28, 88, -6.3, 62.0, 1801, 5.0, 25.9
1245.6, -9.4, 49.6, 50, 28, 88, -6.9, 64.3, 1853, 14.1, 24.5
1246.8, -9.2, 56.5, 51, 28, 88, -8.6, 75.0, 2222, 16.3, 23.1
1248.0, -8.6, 56.5, 54, 28, 88, -7.8, 63.6, 2076, 18.4, 21.0
1249.2, -7.6, 50.8, 54, 28, 88, -6.3, 30.0, 1287, 0.0, 18.0
1250.4, -4.7, 24.7, 52, 28, 88, -6.3, 30.0, 1212, 0.0, 14.5
1251.6, -2.5, 24.7, 51, 28, 88, -6.3, 30.0, 964, 0.0, 7.5
1252.8, 3.1, 24.7, 47, 28, 88, -6.3, 30.4, 954, 0.0, 0.5
1254.0, 3.1, 24.7, 47, 28, 88, -5.8, 31.0, 936, 0.0, 1.0
1255.2, 2.8, 24.7, 46, 28, 88, 2.3, 32.0, 930, 0.0, 1.7
1256.4, -3.1, 25.9, 43, 28, 88, 2.3, 32.1, 923, 0.0, 4.0
1257.6, -2.8, 27.1, 39, 28, 88, 2.3, 33.0, 853, 0.0, 4.7
1258.8, -0.0, 27.8, 38, 28, 88, 2.3, 33.0, 851, 0.0, 6.0
1260.0, -0.3, 27.9, 37, 28, 88, 2.3, 33.0, 835, 0.0, 6.2
1261.2, -1.6, 29.0, 34, 28, 88, 2.3, 33.4, 833, 0.0, 6.5
1262.4, -1.4, 29.0, 34, 28, 88, 2.3, 35.0, 790, 0.0, 6.7
1263.6, 0.8, 29.0, 34, 28, 88, 2.3, 35.0, 791, 0.0, 7.0
1264.8, -0.6, 29.0, 34, 28, 88, 2.3, 35.0, 808, 0.0, 7.5
1266.0, -3.9, 29.0, 34, 28, 88, 1.9, 35.0, 797, 0.0, 8.0
1267.2, -1.5, 29.3, 34, 28, 88, 1.6, 35.0, 780, 0.0, 7.5
1268.4, 1.6, 29.8, 34, 28, 88, 1.6, 35.0, 783, 0.0, 7.5
1269.6, -1.3, 29.4, 34, 28, 88, 1.6, 34.8, 787, 0.0, 7.5
1270.8, -3.9, 29.0, 34, 28, 88, 1.6, 33.0, 827, 0.0, 7.5
1272.0, -3.9, 27.8, 34, 28, 88, 1.6, 33.1, 826, 0.0, 7.5
1273.2, -2.3, 27.8, 35, 28, 89, 1.6, 34.0, 829, 0.0, 6.6
1274.4, 3.9, 27.8, 37, 28, 89, 1.6, 33.7, 828, 0.0, 5.5
1275.6, 3.9, 27.8, 37, 28, 89, 1.6, 33.0, 828, 0.0, 5.0
1276.8, 3.9, 27.8, 37, 28, 89, 1.6, 33.0, 832, 0.0, 5.1
1278.0, 3.6, 27.8, 37, 28, 89, 1.6, 33.0, 843, 0.0, 5.5
1279.2, 3.1, 27.8, 36, 28, 89, 1.6, 33.9, 822, 0.0, 5.5
1280.4, 2.0, 28.6, 35, 28, 89, 1.6, 35.0, 787, 0.0, 5.5
1281.6, 0.7, 29.8, 32, 28, 89, 1.6, 36.0, 780, 0.0, 5.5
1282.8, -4.7, 29.4, 32, 28, 89, 1.6, 35.8, 776, 0.0, 5.5
1284.0, -3.4, 30.5, 32, 29, 90, 1.6, 35.0, 795, 1.1, 9.3
1285.2, 4.7, 57.3, 31, 29, 90, -1.2, 43.1, 988, 2.4, 17.0
1286.4, 2.9, 59.6, 29, 29, 90, -8.6, 72.0, 2204, 11.4, 17.0
1287.6, -4.7, 80.4, 39, 29, 90, -7.9, 77.1, 2288, 21.3, 17.0
1288.8, -2.2, 81.9, 40, 28, 90, -6.3, 94.0, 2666, 38.0, 16.3
1290.0, 5.5, 89.8, 52, 28, 90, -6.0, 93.7, 2689, 38.1, 15.5
1291.2, 4.9, 90.8, 53, 28, 90, -5.5, 93.0, 2779, 40.0, 15.7
1292.4, 3.1, 96.1, 63, 28, 90, -5.2, 93.6, 2814, 40.0, 16.0
1293.6, 1.5, 95.9, 64, 28, 89, -4.7, 95.0, 2974, 40.0, 16.5
1294.8, -3.1, 94.9, 73, 28, 89, -6.2, 84.7, 2883, 36.3, 17.1
1296.0, -5.5, 78.7, 73, 28, 88, -9.4, 56.0, 2554, 0.0, 30.0
1297.2, -10.9, 22.0, 76, 28, 88, -8.3, 56.0, 2371, 0.0, 29.9
1298.4, -7.9, 20.5, 75, 28, 88, -6.3, 56.0, 1632, 0.0, 29.0
1299.6, -2.3, 16.5, 73, 28, 88, -6.3, 43.7, 1613, 0.0, 28.9
1300.8, -0.3, 16.3, 72, 28, 88, -6.3, 21.0, 1565, 0.0, 28.0
1302.0, 3.1, 15.7, 71, 28, 87, -6.3, 21.4, 1486, 1.1, 28.4
1303.2, 3.1, 21.2, 71, 28, 87, -6.3, 22.0, 1328, 6.3, 33.0
1304.4, 3.1, 35.3, 69, 28, 87, -5.2, 22.0, 1423, 6.2, 33.1
1305.6, 0.1, 32.4, 69, 28, 87, -3.9, 22.0, 1633, 5.5, 34.0
1306.8, -5.5, 24.7, 68, 28, 87, -5.2, 23.2, 1597, 4.9, 33.1
1308.0, -2.5, 25.1, 67, 28, 87, -5.9, 25.3, 1518, 0.4, 19.5
1309.2, 1.6, 25.9, 66, 28, 87, -3.1, 33.0, 1558, 0.3, 21.5
1310.4, 0.4, 22.6, 65, 28, 87, -3.7, 32.2, 1600, 0.0, 28.5
1311.6, -0.4, 18.4, 64, 28, 87, -6.3, 24.0, 1601, 0.0, 20.9
1312.8, 7.8, 18.6, 63, 28, 87, -6.1, 24.2, 1583, 0.0, 3.0
1314.0, 7.8, 19.0, 62, 28, 87, -5.5, 25.0, 1194, 0.0, 2.8
1315.2, 7.8, 20.4, 60, 28, 87, -5.8, 31.6, 1302, 0.5, 2.5
1316.4, 5.2, 32.0, 60, 28, 87, -6.3, 49.0, 1726, 10.6, 16.9
1317.6, 0.8, 58.0, 60, 28, 87, -7.6, 55.3, 1879, 11.4, 27.7
1318.8, -6.2, 54.2, 61, 28, 87, -8.6, 61.4, 2112, 14.1, 26.0
1320.0, -10.1, 49.1, 62, 28, 88, -8.6, 54.0, 1913, 13.1, 26.7
1321.2, 4.7, 50.2, 62, 28, 88, -8.6, 51.4, 1874, 11.8, 28.0
1322.4, 3.8, 47.0, 63, 28, 88, -8.6, 43.0, 1677, 3.5, 30.1
1323.6, -0.0, 21.6, 63, 28, 88, -6.7, 38.3, 1644, 3.5, 33.5
1324.8, 1.0, 23.3, 63, 28, 88, -3.1, 26.0, 1448, 3.7, 33.1
1326.0, 6.3, 42.4, 62, 28, 88, -3.9, 33.3, 1533, 4.4, 32.5
1327.2, 4.5, 41.5, 62, 28, 88, -5.5, 52.0, 1828, 12.2, 29.7
1328.4, -0.0, 37.3, 63, 28, 88, -4.5, 46.0, 1744, 11.7, 27.2
1329.6, -0.7, 35.5, 63, 28, 88, -3.1, 34.0, 1537, 9.0, 29.5
1330.8, -1.5, 32.2, 62, 28, 87, -4.5, 29.8, 1480, 6.6, 28.4
1332.0, 4.7, 26.3, 61, 28, 87, -4.2, 25.2, 1394, 0.4, 25.0
1333.2, 4.3, 19.9, 60, 29, 87, 2.3, 29.0, 1441, 3.3, 27.1
1334.4, 1.6, 34.1, 59, 29, 87, -0.8, 36.3, 1540, 7.1, 30.9
1335.6, 1.8, 41.3, 59, 29, 87, -5.5, 52.0, 1760, 7.1, 24.5
1336.8, 2.3, 61.6, 60, 29, 88, -7.8, 60.3, 1937, 9.1, 24.3
1338.0, 1.4, 62.6, 61, 29, 88, -10.2, 73.0, 2320, 18.4, 22.0
1339.2, -0.0, 65.1, 63, 28, 88, -8.6, 73.0, 2272, 17.8, 22.5
1340.4, 0.0, 64.9, 64, 28, 88, -8.6, 73.0, 2179, 15.7, 25.5
1341.6, -0.2, 64.7, 65, 28, 87, -10.9, 72.5, 2249, 15.3, 25.5
1342.8, -3.1, 52.8, 66, 28, 87, -10.9, 69.5, 2320, 14.5, 25.5
1344.0, -3.2, 40.8, 68, 28, 87, -10.9, 48.0, 1851, 11.0, 27.4
1345.2, -5.5, 21.6, 68, 28, 87, -10.2, 46.8, 1850, 4.7, 33.0
1346.4, -5.1, 21.6, 69, 28, 87, -5.5, 22.0, 1655, 3.2, 25.1
1347.6, 3.9, 19.8, 68, 28, 87, -5.5, 22.1, 1443, 0.0, 4.0
1348.8, 3.0, 19.7, 67, 28, 87, -5.5, 23.0, 1331, 2.8, 13.5
1350.0, -0.8, 27.8, 66, 28, 87, -5.2, 23.5, 1297, 6.7, 32.0
1351.2, 0.5, 26.2, 66, 28, 87, -4.7, 25.0, 1479, 0.0, 27.1
1352.4, 4.7, 18.8, 63, 29, 87, -4.7, 25.0, 1420, 0.9, 21.5
1353.6, 5.4, 22.5, 63, 29, 87, -4.7, 25.0, 1217, 10.6, 22.5
1354.8, 7.0, 38.8, 62, 29, 87, -4.0, 28.6, 1290, 10.6, 22.5
1356.0, 4.2, 34.6, 62, 29, 88, -3.1, 35.0, 1519, 10.6, 25.0
1357.2, -1.6, 19.6, 60, 29, 88, -3.1, 31.6, 1335, 8.8, 24.2
1358.4, 0.3, 21.1, 58, 29, 88, -3.1, 27.0, 989, 0.0, 0.5
1359.6, 3.1, 23.9, 52, 29, 88, 0.2, 29.6, 988, 3.8, 1.2
1360.8, 3.5, 46.0, 52, 29, 88, 2.4, 33.9, 988, 24.7, 12.5
1362.0, 3.9, 79.2, 53, 29, 88, -5.5, 80.0, 1557, 17.7, 15.8
1363.2, -4.5, 58.6, 53, 29, 88, -5.3, 80.0, 2345, 0.0, 29.0
1364.4, -14.1, 28.6, 54, 28, 88, -3.9, 53.2, 1848, 0.6, 29.0
1365.6, -9.3, 33.7, 53, 28, 88, -4.0, 30.0, 1221, 2.0, 29.0
1366.8, -3.9, 39.2, 51, 29, 88, -4.7, 46.0, 1373, 3.6, 28.9
1368.0, 6.3, 33.7, 48, 29, 88, -4.5, 43.3, 1462, 6.3, 28.5
1369.2, 5.4, 33.0, 47, 29, 88, -3.9, 30.0, 1077, 6.3, 18.7
1370.4, -0.0, 26.7, 38, 29, 88, -2.0, 30.8, 1034, 6.3, 0.5
1371.6, -0.2, 26.9, 38, 29, 88, 1.6, 33.0, 835, 2.8, 3.6
1372.8, -0.8, 28.6, 34, 29, 88, 1.6, 33.7, 816, 0.0, 7.1
1374.0, 0.5, 28.9, 33, 29, 88, 1.6, 35.0, 773, 0.0, 8.0
1375.2, 2.3, 29.4, 31, 29, 88, -0.0, 58.8, 1242, 5.2, 9.4
1376.4, 2.3, 53.3, 34, 29, 88, -1.0, 81.5, 1927, 20.8, 15.5
1377.6, 1.4, 76.6, 39, 29, 88, -7.0, 86.0, 2528, 20.8, 15.7
1378.8, -5.5, 78.8, 44, 29, 88, -7.0, 86.3, 2513, 20.8, 16.0
1380.0, -5.7, 79.0, 50, 28, 88, -7.0, 88.0, 2267, 22.5, 15.4
1381.2, -7.0, 82.0, 55, 28, 88, -5.8, 86.7, 2252, 25.1, 14.0
1382.4, -6.8, 77.0, 60, 28, 88, -1.6, 80.0, 2114, 13.7, 19.1
1383.6, -5.5, 21.6, 62, 28, 88, -2.4, 68.9, 1977, 0.0, 28.0
1384.8, -4.4, 21.7, 62, 28, 88, -4.7, 26.0, 1228, 0.0, 18.3
1386.0, 3.1, 23.9, 62, 28, 88, -4.5, 29.3, 1248, 0.0, 2.5
1387.2, 3.1, 24.7, 62, 28, 88, -3.9, 51.0, 1717, 6.0, 9.6
1388.4, 3.1, 32.5, 62, 28, 88, -6.1, 57.4, 1837, 14.1, 23.0
1389.6, 0.2, 35.2, 62, 28, 88, -11.7, 79.0, 2430, 20.8, 21.2
1390.8, -9.4, 51.4, 66, 28, 88, -10.1, 69.6, 2302, 20.2, 19.0
1392.0, -5.8, 46.0, 66, 28, 88, -7.8, 50.0, 1871, 12.5, 26.0
1393.2, -0.0, 32.2, 66, 28, 88, -3.9, 36.2, 1697, 8.5, 23.2
1394.4, -0.8, 24.3, 65, 28, 88, -4.1, 24.8, 1500, 0.0, 14.5
1395.6, -0.4, 20.5, 65, 28, 88, -4.7, 24.0, 1342, 2.5, 23.7
1396.8, 0.8, 30.2, 65, 29, 88, -4.4, 33.3, 1467, 5.1, 32.3
1398.0, -0.3, 29.6, 65, 29, 88, -3.9, 50.0, 1786, 9.4, 29.5
1399.2, -2.3, 28.2, 64, 29, 88, -3.9, 40.2, 1694, 7.9, 29.4
1400.4, 0.1, 25.0, 63, 29, 88, -3.9, 25.9, 1490, 0.0, 27.0
1401.6, 3.0, 18.8, 62, 29, 88, -3.9, 25.0, 1332, 0.0, 19.1
1402.8, 2.3, 19.9, 59, 29, 88, -3.9, 25.2, 1185, 0.0, 2.0
1404.0, 3.9, 21.2, 56, 29, 88, -3.9, 26.0, 1058, 0.0, 2.0
1405.2, 13.3, 25.1, 50, 29, 88, -2.7, 26.9, 1040, 0.0, 2.0
1406.4, 12.2, 25.1, 44, 29, 88, 1.6, 32.0, 889, 0.0, 3.3
1407.6, 6.3, 25.1, 41, 29, 88, 1.6, 32.2, 880, 0.0, 5.5
1408.8, 5.9, 25.4, 38, 29, 88, 1.6, 33.0, 829, 0.0, 5.5
1410.0, 4.7, 27.8, 36, 29, 88, 1.6, 39.8, 983, 0.1, 5.5
1411.2, 3.1, 32.7, 36, 29, 88, 1.6, 63.0, 1846, 14.9, 14.7
1412.4, -2.3, 59.6, 40, 29, 88, -2.4, 56.1, 1828, 14.2, 24.9
1413.6, -1.7, 52.8, 40, 29, 88, -8.6, 42.0, 1755, 0.0, 21.0
1414.8, -0.0, 27.8, 42, 29, 88, -4.7, 38.8, 1643, 0.0, 21.0
1416.0, 0.5, 27.8, 42, 29, 88, 1.6, 32.0, 901, 0.0, 15.3
1417.2, 3.9, 27.8, 38, 29, 88, 1.6, 32.6, 887, 0.0, 5.0
1418.4, 2.8, 27.9, 34, 29, 88, 1.6, 35.0, 798, 0.0, 6.1
1419.6, -2.3, 29.4, 31, 29, 88, 1.6, 35.0, 795, 0.0, 8.0
1420.8, -1.3, 29.4, 26, 29, 88, 1.6, 35.0, 784, 0.0, 7.8
1422.0, 1.6, 29.4, 15, 29, 88, 1.6, 35.4, 775, 0.0, 7.8
1423.2, 1.9, 29.8, 13, 29, 88, 1.6, 36.0, 757, 0.0, 13.5
1424.4, 2.3, 30.6, 6, 30, 88, 1.6, 38.6, 723, 0.0, 13.0
1425.6, 2.0, 31.7, 5, 30, 88, 1.8, 41.1, 677, 0.0, 10.0
1426.8, 1.3, 33.3, 2, 30, 88, 3.1, 42.0, 612, 1.3, 12.2
1428.0, -2.3, 35.3, 3, 30, 88, 3.1, 41.4, 652, 3.5, 17.5
1429.2, -2.5, 34.4, 4, 30, 88, 3.1, 39.0, 1022, 1.6, 14.1
1430.4, -3.1, 30.6, 6, 30, 88, 2.0, 39.4, 899, 0.0, 9.9
1431.6, -3.1, 31.4, 5, 30, 88, 0.8, 40.0, 618, 0.0, 6.5
1432.8, -3.1, 33.3, 0, 30, 89, 1.9, 44.6, 660, 1.6, 7.9
1434.0, -1.2, 33.3, 2, 30, 89, 3.1, 51.0, 747, 9.0, 22.0
1435.2, 1.6, 33.3, 10, 30, 89, 3.1, 54.7, 1194, 9.6, 22.4
1436.4, -4.3, 39.1, 13, 30, 89, 3.1, 60.0, 2088, 12.5, 27.5
1437.6, -12.5, 50.6, 21, 30, 89, -3.6, 58.6, 2036, 13.6, 26.7
1438.8, -7.9, 52.0, 24, 30, 89, -7.8, 55.6, 1943, 18.0, 21.0
1440.0, -2.5, 53.9, 29, 30, 89, -3.1, 32.0, 1687, 11.6, 18.1
1441.2, 3.9, 25.9, 28, 30, 89, -1.7, 32.2, 1370, 0.0, 11.5
1442.4, 4.5, 25.8, 27, 30, 89, 1.6, 33.0, 827, 0.0, 9.4
1443.6, 6.3, 25.5, 23, 30, 89, 1.6, 33.6, 806, 1.5, 7.8
1444.8, 6.5, 31.3, 23, 30, 89, 1.6, 35.0, 749, 10.2, 20.0
1446.0, 7.0, 49.4, 21, 30, 88, -0.3, 41.7, 959, 10.2, 20.0
1447.2, 3.3, 47.0, 21, 30, 88, -3.1, 57.0, 1839, 12.5, 22.7
1448.4, -10.2, 30.6, 24, 30, 88, -3.1, 50.5, 1649, 12.5, 26.0
1449.6, -7.1, 30.2, 22, 30, 88, -3.1, 30.0, 772, 0.0, 17.6
1450.8, 0.8, 28.6, 13, 30, 88, -1.7, 31.7, 758, 0.0, 7.0
1452.0, 1.2, 29.4, 12, 30, 88, 0.8, 36.0, 709, 0.0, 8.9
1453.2, 2.3, 32.9, 7, 30, 88, 0.8, 36.6, 715, 0.2, 11.0
1454.4, 2.8, 34.1, 7, 30, 88, 0.8, 38.0, 741, 2.7, 14.5
1455.6, 3.9, 37.6, 5, 30, 88, 1.1, 45.7, 949, 2.7, 18.0
1456.8, 0.7, 37.6, 6, 30, 88, 1.6, 60.0, 1590, 2.7, 18.0
1458.0, -7.0, 37.6, 13, 30, 88, -0.8, 51.3, 1553, 3.1, 18.0
1459.2, -3.6, 40.2, 13, 30, 88, -3.9, 37.0, 1466, 9.0, 23.5
1460.4, 3.9, 52.5, 13, 30, 88, -6.1, 43.7, 1673, 9.7, 29.0
1461.6, 0.0, 53.7, 14, 30, 88, -8.6, 54.0, 2100, 14.1, 28.0
1462.8, -5.4, 56.1, 22, 30, 88, -5.2, 44.8, 1801, 9.9, 22.0
1464.0, -0.0, 42.5, 22, 30, 88, -1.8, 38.5, 1447, 0.0, 3.0
1465.2, 0.1, 27.8, 22, 30, 88, 3.1, 49.0, 1549, 3.8, 9.8
1466.4, 0.8, 37.1, 23, 30, 88, 1.9, 49.3, 1550, 10.6, 27.0
1467.6, 0.4, 47.1, 24, 30, 88, -3.9, 53.0, 1802, 10.8, 27.3
1468.8, -9.4, 33.5, 25, 30, 88, -3.9, 50.3, 1707, 10.9, 28.0
1470.0, -8.0, 22.8, 25, 30, 88, -3.9, 35.0, 807, 0.0, 19.3
1471.2, -2.3, 29.4, 14, 30, 88, -2.0, 35.8, 806, 0.0, 7.5
1472.4, -0.6, 30.9, 14, 31, 88, 3.1, 39.0, 807, 4.4, 14.1
1473.6, 5.5, 40.4, 16, 31, 88, 0.2, 41.3, 934, 8.6, 22.5
1474.8, 3.2, 40.0, 17, 31, 88, -3.9, 46.0, 1485, 8.6, 25.6
1476.0, -1.6, 38.8, 21, 31, 88, -3.9, 43.6, 1473, 6.8, 26.9
1477.2, -5.9, 31.8, 22, 31, 88, -3.4, 41.0, 1454, 0.4, 20.5
1478.4, -9.9, 22.0, 23, 31, 88, 1.6, 33.0, 1162, 0.3, 17.6
1479.6, -2.3, 23.7, 23, 31, 88, 1.6, 33.1, 843, 0.0, 6.0
1480.8, -1.6, 25.5, 23, 31, 88, 1.6, 34.0, 789, 0.0, 6.2
1482.0, 3.1, 25.5, 24, 31, 88, 1.6, 34.2, 782, 0.0, 6.5
1483.2, 3.1, 26.3, 25, 31, 88, 1.6, 35.0, 750, 0.0, 7.5
1484.4, 3.1, 29.4, 27, 31, 88, 1.6, 35.0, 758, 0.0, 7.5
1485.6, 3.1, 29.3, 27, 31, 88, 1.6, 35.0, 788, 0.0, 7.2
1486.8, 3.1, 28.6, 26, 31, 88, 1.6, 34.7, 793, 0.0, 7.0
1488.0, 2.8, 28.6, 27, 31, 88, 1.6, 34.0, 808, 0.0, 7.0
1489.2, 2.3, 28.6, 29, 31, 88, 1.6, 34.5, 801, 0.0, 7.1
1490.4, -0.2, 28.6, 29, 31, 88, 1.6, 35.0, 793, 0.0, 7.5
1491.6, -1.9, 28.6, 30, 31, 88, 1.6, 35.0, 786, 0.0, 7.3
1492.8, 1.6, 28.6, 29, 31, 88, 1.6, 35.0, 786, 0.0, 7.0
1494.0, 1.6, 28.1, 27, 31, 88, 1.6, 35.0, 789, 0.0, 7.0
1495.2, 1.6, 26.3, 20, 31, 89, 1.2, 35.9, 769, 0.0, 6.9
1496.4, 1.2, 26.7, 17, 31, 89, 0.8, 37.1, 737, 0.0, 6.5
1497.6, 0.2, 27.2, 12, 31, 89, 0.8, 38.0, 653, 0.0, 6.5
1498.8, -3.1, 28.2, 5, 31, 89, 0.8, 38.9, 654, 0.0, 6.5
1500.0, -2.5, 28.7, 5, 31, 89, 0.8, 41.0, 660, 2.6, 10.8
1501.2, -0.0, 34.1, 5, 31, 89, 1.3, 41.3, 707, 5.9, 18.5
1502.4, -2.4, 34.7, 5, 31, 90, 3.1, 43.0, 1169, 7.0, 20.7
1503.6, -16.4, 40.4, 10, 31, 90, 1.0, 43.4, 1214, 8.6, 25.0
1504.8, -16.5, 38.8, 10, 31, 90, -4.7, 45.0, 1539, 8.6, 26.6
1506.0, -17.2, 25.5, 14, 31, 90, -2.1, 42.3, 1431, 8.3, 29.0
1507.2, -12.3, 26.5, 14, 31, 90, 1.6, 37.0, 1107, 4.3, 28.1
1508.4, -3.0, 29.4, 15, 31, 90, 1.6, 36.5, 1102, 4.3, 27.5
1509.6, -0.0, 29.0, 15, 31, 90, 1.5, 35.8, 1093, 4.3, 27.5
1510.8, -0.3, 28.3, 16, 31, 90, 0.8, 33.0, 856, 2.5, 19.9
1512.0, -1.6, 25.5, 16, 31, 90, 0.8, 33.3, 849, 0.0, 6.5
1513.2, -0.9, 25.6, 16, 31, 89, 0.8, 35.0, 787, 0.0, 6.7
1514.4, 1.6, 26.3, 14, 31, 89, 0.8, 35.3, 786, 0.0, 7.0
1515.6, 2.4, 28.7, 12, 31, 89, 0.8, 36.0, 786, 0.0, 10.7
1516.8, 3.9, 34.5, 6, 31, 89, 0.8, 37.5, 747, 0.0, 12.9
1518.0, 0.5, 32.9, 6, 31, 89, 0.9, 39.0, 682, 0.0, 9.0
1519.2, -3.1, 30.6, 6, 31, 89, 1.6, 39.0, 682, 0.0, 12.5
1520.4, -3.9, 31.4, 7, 31, 89, 1.6, 39.1, 682, 0.0, 26.5
1521.6, -3.9, 32.5, 8, 31, 89, 1.6, 40.0, 909, 2.3, 26.5
1522.8, -5.9, 34.2, 10, 31, 89, 0.5, 40.1, 1176, 8.6, 26.5
1524.0, -8.6, 37.3, 15, 31, 89, -7.0, 42.0, 1467, 8.6, 26.7
1525.2, -6.9, 38.0, 16, 31, 89, -6.7, 41.6, 1787, 8.6, 27.5
1526.4, -6.1, 37.8, 19, 31, 89, -4.7, 36.0, 1560, 6.8, 28.2
1527.6, -9.4, 28.2, 21, 31, 89, -3.3, 35.6, 1369, 4.3, 29.5
1528.8, -7.9, 28.4, 21, 32, 89, 0.8, 34.0, 1198, 4.3, 28.8
1530.0, -3.1, 29.4, 19, 32, 89, 0.8, 35.2, 1200, 4.4, 28.0
1531.2, -3.7, 29.4, 19, 32, 89, 0.8, 38.0, 1211, 5.5, 28.0
1532.4, -4.7, 29.4, 17, 32, 88, 0.8, 35.3, 1139, 5.4, 27.8
1533.6, -0.0, 31.8, 16, 32, 88, 0.8, 34.7, 1082, 5.1, 26.5
1534.8, 2.8, 35.2, 15, 32, 88, 0.8, 44.0, 1315, 6.2, 26.3
1536.0, -3.1, 41.2, 14, 32, 88, 0.5, 43.7, 1326, 7.5, 26.0
1537.2, -5.9, 39.5, 14, 32, 88, -0.0, 43.0, 1379, 5.9, 26.5
1538.4, -14.1, 31.8, 14, 32, 88, -0.4, 40.4, 1243, 5.5, 26.8
1539.6, -7.7, 32.0, 13, 32, 88, -0.7, 36.0, 940, 3.1, 25.0
1540.8, 0.8, 32.5, 11, 32, 88, 0.8, 35.5, 859, 2.4, 21.5
1542.0, 2.5, 30.5, 10, 32, 88, 0.6, 35.0, 752, 0.4, 9.5
1543.2, 3.7, 28.2, 8, 32, 88, -0.8, 35.0, 1006, 0.8, 14.0
1544.4, 1.6, 29.4, 7, 32, 88, -0.4, 35.4, 1243, 1.6, 25.5
1545.6, 1.6, 29.6, 6, 32, 88, 0.8, 38.0, 706, 0.9, 19.6
1546.8, 1.6, 31.8, 3, 32, 88, 1.9, 39.0, 693, 0.0, 9.5
1548.0, 1.6, 31.8, 3, 32, 88, 3.9, 42.0, 633, 2.0, 11.2
1549.2, 1.6, 31.8, 2, 32, 88, 1.8, 45.0, 633, 2.6, 13.9
1550.4, 0.8, 32.3, 1, 32, 88, 0.5, 47.6, 633, 4.3, 20.5
1551.6, 0.4, 32.9, 0, 32, 88, 3.9, 43.0, 612, 2.6, 17.2
1552.8, -2.3, 33.3, 0, 32, 88, 3.6, 43.0, 590, 0.0, 10.0
1554.0, -1.7, 33.3, 0, 32, 88, 3.1, 43.0, 549, 0.0, 7.5
1555.2, -0.0, 33.3, 0, 32, 88, 3.1, 42.8, 549, 0.0, 3.5
1556.4, -0.3, 33.4, 0, 32, 88, 3.1, 42.0, 599, 0.0, 5.2
1557.6, -2.3, 34.5, 0, 32, 88, 3.1, 42.4, 597, 0.0, 8.5
1558.8, -2.5, 34.3, 0, 33, 88, 3.1, 44.0, 593, 0.0, 9.1
1560.0, -3.1, 33.3, 0, 33, 88, 3.1, 44.0, 596, 0.0, 10.0
1561.2, -2.9, 33.3, 0, 33, 89, 3.1, 44.0, 614, 0.0, 7.5
1562.4, -2.3, 33.3, 0, 33, 89, 3.1, 44.0, 606, 0.0, 5.4
1563.6, -3.1, 33.3, 0, 33, 89, 3.1, 44.0, 588, 0.0, 13.0
1564.8, -4.7, 33.3, 0, 33, 89, 3.1, 45.7, 608, 0.6, 13.5
1566.0, -4.0, 33.4, 0, 33, 89, 3.1, 48.0, 651, 3.5, 18.0
1567.2, -3.1, 33.7, 0, 33, 90, 3.1, 45.0, 639, 2.8, 16.2
1568.4, -2.6, 35.7, 0, 33, 90, 2.5, 45.3, 631, 1.2, 10.0
1569.6, -3.4, 36.2, 0, 34, 90, -0.8, 49.0, 880, 3.5, 15.4
1570.8, -6.3, 31.8, 0, 34, 90, 0.9, 47.7, 823, 5.6, 21.8
1572.0, -4.1, 33.8, 0, 34, 90, 3.1, 45.0, 635, 0.4, 6.5
1573.2, -0.8, 38.0, 0, 34, 91, 3.1, 43.9, 648, 0.3, 5.2
1574.4, -2.8, 38.0, 0, 34, 91, 3.1, 43.1, 661, 0.0, 0.0
1575.6, -4.9, 38.0, 0, 34, 91, 3.1, 44.0, 617, 0.0, 2.0
1576.8, -7.0, 38.0, 0, 34, 91, 3.1, 44.0, 616, 0.0, 7.5
1578.0, -6.8, 38.0, 0, 34, 91, 3.1, 45.0, 617, 0.0, 6.0
1579.2, -2.3, 36.1, 0, 34, 91, 3.1, 45.0, 619, 0.0, 1.5
1580.4, -2.2, 34.3, 0, 34, 91, 3.1, 45.0, 621, 0.0, 2.8
1581.6, -1.6, 33.3, 0, 34, 91, 2.9, 143.7, 618, 0.0, 5.0
1582.8, -2.0, 33.3, 0, 34, 91, 2.3, 43.0, 608, 0.0, 5.7
1584.0, -3.1, 33.3, 0, 34, 91, 2.3, 43.0, 606, 0.0, 6.2
1585.2, -1.7, 32.7, 0, 34, 91, 2.3, 43.0, 604, 0.0, 2.0
1586.4, -0.0, 31.8, 0, 34, 91, -0.8, 44.5, 740, 0.0, 1.6
1587.6, 0.8, 32.5, 0, 34, 91, -0.2, 45.9, 937, 0.0, 0.0
1588.8, 1.3, 33.3, 0, 34, 91, 3.1, 43.0, 773, 1.3, 1.9
1590.0, -3.1, 31.8, 0, 34, 91, 2.9, 43.0, 623, 3.9, 7.5
1591.2, -3.2, 31.9, 0, 34, 91, 2.3, 43.0, 617, 2.2, 7.0
1592.4, -3.9, 34.5, 0, 34, 91, 2.3, 42.0, 624, 0.0, 6.0
1593.6, -5.0, 33.7, 0, 34, 91, 2.3, 40.0, 649, 0.0, 3.9
1594.8, -7.0, 31.8, 0, 34, 91, 2.3, 40.0, 644, 0.0, 2.1
1596.0, -6.7, 30.3, 0, 34, 91, 2.3, 40.0, 634, 0.0, 3.5
1597.2, -6.3, 27.8, 0, 34, 91, 2.3, 38.5, 630, 0.0, 3.9
1598.4, -5.9, 28.3, 0, 34, 91, 2.3, 37.0, 624, 0.0, 6.5
1599.6, -5.5, 29.0, 0, 34, 91, 2.3, 37.0, 620, 0.0, 6.7
1600.8, -4.7, 29.0, 0, 34, 91, 2.3, 37.0, 614, 0.0, 7.5
1602.0, -4.7, 29.0, 0, 34, 91, 2.3, 37.0, 612, 0.0, 7.5
1603.2, -5.3, 29.4, 0, 34, 91, 2.3, 37.0, 609, 0.0, 7.5
1604.4, -6.3, 30.2, 0, 34, 91, 2.3, 37.0, 599, 0.0, 7.5
1605.6, -5.8, 29.5, 0, 34, 91, 2.1, 37.0, 592, 0.0, 7.5
1606.8, -5.5, 29.0, 0, 34, 91, 1.6, 37.0, 607, 0.0, 7.8
1608.0, -5.5, 29.0, 0, 34, 91, 1.6, 37.0, 608, 0.0, 7.9
1609.2, -6.2, 29.0, 0, 34, 91, 1.6, 37.0, 612, 0.0, 7.5
1610.4, -7.0, 29.0, 0, 34, 91, 1.6, 37.0, 612, 0.0, 7.5
1611.6, -6.3, 29.0, 0, 34, 91, 1.6, 37.1, 613, 0.0, 7.5
1612.8, -6.1, 29.0, 0, 34, 91, 1.6, 38.0, 598, 0.0, 7.7
1614.0, -5.5, 29.0, 0, 34, 91, 1.6, 37.7, 596, 0.0, 8.0
1615.2, -6.1, 29.0, 0, 34, 91, 1.6, 37.0, 592, 0.0, 8.6
1616.4, -7.0, 29.0, 0, 34, 91, 1.6, 37.0, 599, 0.0, 8.8
1617.6, -7.0, 29.5, 0, 34, 91, 1.5, 37.1, 608, 0.0, 8.0
1618.8, -7.0, 30.2, 0, 35, 91, 0.8, 38.0, 606, 0.0, 7.4
1620.0, -6.3, 29.6, 0, 35, 91, 0.8, 37.9, 604, 0.0, 5.5
1621.2, -6.2, 29.0, 0, 35, 91, 0.8, 37.0, 618, 0.0, 5.5
1622.4, -5.5, 29.0, 0, 35, 91, 0.8, 37.0, 616, 0.0, 5.5
1623.6, -5.9, 29.0, 0, 35, 91, 0.8, 37.0, 610, 0.0, 6.8
1624.8, -7.0, 29.0, 0, 35, 91, 0.8, 37.3, 607, 0.0, 8.5
1626.0, -7.2, 29.0, 0, 35, 91, 0.8, 38.0, 602, 0.0, 7.5
1627.2, -7.8, 29.0, 0, 35, 91, 0.8, 38.0, 600, 0.0, 7.6
1628.4, -7.2, 29.0, 0, 35, 91, 0.8, 38.0, 598, 0.0, 8.5
1629.6, -6.3, 29.0, 0, 35, 91, 0.8, 37.0, 601, 0.0, 8.5
1630.8, -7.0, 29.0, 0, 35, 91, 0.8, 37.0, 602, 0.0, 8.5
1632.0, -7.3, 29.0, 0, 35, 91, 0.8, 37.0, 597, 0.0, 8.1
1633.2, -8.6, 29.0, 0, 35, 91, 0.8, 37.2, 596, 0.0, 7.5
1634.4, -8.2, 29.0, 0, 35, 91, 0.8, 38.0, 596, 0.0, 7.5
1635.6, -7.0, 29.0, 0, 35, 91, 0.8, 37.6, 598, 0.0, 7.6
1636.8, -7.4, 29.6, 0, 35, 91, 0.8, 37.0, 603, 0.0, 8.0
1638.0, -7.9, 30.1, 0, 35, 91, 0.8, 37.0, 599, 0.0, 8.0
1639.2, -8.6, 29.0, 0, 35, 91, 0.8, 37.3, 598, 0.0, 8.0
1640.4, -8.3, 29.0, 0, 35, 91, 0.8, 38.0, 596, 0.0, 8.3
1641.6, -7.8, 29.0, 0, 35, 91, 0.8, 37.5, 601, 0.0, 8.3
1642.8, -7.8, 29.0, 0, 35, 91, 0.8, 37.0, 607, 0.0, 7.5
1644.0, -7.8, 29.0, 0, 35, 91, 0.8, 38.0, 608, 0.0, 7.6
1645.2, -7.8, 29.6, 0, 35, 91, 0.8, 38.0, 609, 0.0, 8.0
1646.4, -8.1, 30.1, 0, 35, 91, 0.8, 38.0, 614, 0.0, 8.4
1647.6, -9.4, 29.0, 0, 36, 91, 0.8, 38.0, 615, 0.0, 9.0
1648.8, -9.1, 29.0, 0, 36, 91, 0.8, 38.0, 609, 0.0, 9.0
1650.0, -8.6, 29.0, 0, 36, 91, 0.8, 38.0, 605, 0.0, 8.8
1651.2, -8.6, 29.0, 0, 36, 91, 0.8, 38.0, 600, 0.0, 8.0
1652.4, -8.8, 29.0, 0, 36, 91, 0.8, 38.0, 610, 0.0, 8.2
1653.6, -9.4, 29.0, 0, 36, 91, 0.8, 38.3, 608, 0.0, 8.5
1654.8, -9.4, 29.0, 0, 36, 91, 0.8, 39.0, 603, 0.0, 7.9
1656.0, -9.4, 29.0, 0, 36, 91, 0.8, 38.5, 603, 0.0, 7.5
1657.2, -8.6, 29.7, 0, 36, 91, 0.8, 38.0, 604, 0.0, 7.5
1658.4, -8.9, 30.2, 0, 36, 91, 0.8, 38.0, 607, 0.0, 7.5
1659.6, -10.2, 30.2, 0, 36, 91, 0.8, 38.5, 608, 0.0, 7.5
1660.8, -10.2, 30.2, 0, 36, 91, 0.8, 39.0, 608, *, *, *
